start_station_name,start_lat,start_lng
Halsted St & Roscoe St,41.9436315,-87.6490833
Clark St & Wellington Ave,41.9364968219,-87.6475386582
Sheridan Rd & Montrose Ave,41.96167,-87.65464
Aberdeen St & Jackson Blvd,41.87772613,-87.65478743
Paulina St & Flournoy St,41.87306108789792,-87.66913488507271
Ravenswood Ave & Lawrence Ave,41.968445,-87.674226
Rockwell St & Archer Ave,41.82272,-87.68982
Damen Ave & Foster Ave,41.9758109755749,-87.67950989857908
Damen Ave & Leland Ave,41.967081,-87.679076
Lincoln Ave & Byron St,41.952372,-87.677296
Clark St & Armitage Ave,41.918306,-87.636282
Rush St & Hubbard St,41.890193701,-87.626320601
Ogden Ave & Chicago Ave,41.896362458,-87.6540612729
2112 W Peterson Ave,41.991178,-87.683593
Franklin St & Jackson Blvd,41.8777079559,-87.6353211408
Michigan Ave & Ida B Wells Dr,41.876203,-87.624464
Kingsbury St & Kinzie St,41.88917683258,-87.6385057718
Wilton Ave & Belmont Ave,41.940231918108594,-87.65294373035431
Larrabee St & Webster Ave,41.921822,-87.64414
Clark St & Elm St,41.902973,-87.63128
Wabash Ave & 9th St,41.870769,-87.625734
Damen Ave & Cortland St,41.915983,-87.677335
Indiana Ave & 26th St,41.845687,-87.622481
McClurg Ct & Ohio St,41.892592119709725,-87.61728912591934
Desplaines St & Jackson Blvd,41.87811890091227,-87.64394760131836
Damen Ave & Thomas St (Augusta Blvd),41.901315,-87.677409
Mies van der Rohe Way & Chestnut St,41.8985866514,-87.6219152258
Sheffield Ave & Fullerton Ave,41.9247807,-87.653626
Honore St & Division St,41.903119,-87.673935
Lakeview Ave & Fullerton Pkwy,41.925858,-87.638973
Michigan Ave & Pearson St,41.89766,-87.62351
Clark St & Columbia Ave,42.00445062934,-87.6724024047
Daley Center Plaza,41.884241,-87.629634
N Green St & W Lake St,41.885579,-87.648484
Central Ave & Altgeld St,41.9258119,-87.7663685
Clark St & North Ave,41.911974,-87.631942
Sedgwick St & Webster Ave,41.922167,-87.638888
Clark St & Grace St,41.95078,-87.659172
Broadway & Barry Ave,41.93758231600629,-87.6440978050232
Michigan Ave & Oak St,41.90096039,-87.62377664
Noble St & Milwaukee Ave,41.9007,-87.662607
Kildare Ave & Montrose Ave,41.96108,-87.73569
Sedgwick St & Huron St,41.894666,-87.638437
Southport Ave & Wellington Ave,41.93577461766458,-87.66360014677048
Broadway & Thorndale Ave,41.98974251144,-87.6601406209
Green St & Madison St,41.88185932803823,-87.64926373958588
Wells St & Hubbard St,41.889906,-87.634266
Kingsbury St & Erie St,41.8939139,-87.6417358
Jefferson St & Monroe St,41.880329633634624,-87.64274597167967
Mies van der Rohe Way & Chicago Ave,41.896944626370825,-87.62175768613815
Greenview Ave & Fullerton Ave,41.92533,-87.6658
Indiana Ave & Roosevelt Rd,41.867888,-87.623041
Canal St & Adams St,41.879255,-87.639904
W Washington Blvd & N Peoria St,41.883043,-87.649931
Clark St & Chicago Ave,41.89675,-87.63089
Clark St & Elmdale Ave,41.99086044812557,-87.66972362995148
Columbus Dr & Randolph St,41.884728,-87.619521
Wells St & Elm St,41.903222,-87.634324
Sheffield Ave & Kingsbury St,41.910522,-87.653106
Orleans St & Merchandise Mart Plaza,41.888243,-87.63639
Lincoln Ave & Waveland Ave,41.948797,-87.675278
Clarendon Ave & Junior Ter,41.961004,-87.649603
Winchester Ave & Elston Ave,41.92409085038,-87.6764600747
Streeter Dr & Grand Ave,41.892278,-87.612043
Milwaukee Ave & Ainslie St,41.96861,-87.76108
Damen Ave & Wellington Ave,41.93588,-87.67842
Halsted St & Clybourn Ave,41.909668,-87.648128
Larrabee St & Division St,41.903600335,-87.643345952
Lavergne Ave & Lawrence Ave,41.96776247,-87.752571702
Broadway & Belmont Ave,41.940106,-87.645451
Ashland Ave & Chicago Ave,41.89595435734305,-87.6677280664444
Avondale Ave & Irving Park Rd,41.953393,-87.732002
Clark St & Lake St,41.88602082773,-87.6308760584
Montrose Harbor,41.963982,-87.638181
Karlov Ave & Armitage Ave,41.91748,-87.728952
Walsh Park,41.91461,-87.667968
Halsted St & Dickens Ave,41.919936,-87.64883
Damen Ave & Wabansia Ave,41.9122813,-87.6773211
Leavitt St & Belmont Ave,41.939354,-87.683282
Orleans St & Hubbard St,41.890028,-87.636618
Clark St & Bryn Mawr Ave,41.983593,-87.669154
Wells St & Institute Pl,41.89737986072316,-87.63442039489746
Leavitt St & Division St,41.902997,-87.683825
900 W Harrison St,41.874754,-87.649807
Marmora Ave & Irving Park Rd,41.9531072,-87.7747326
DuSable Lake Shore Dr & North Blvd,41.911722,-87.626804
Larrabee St & North Ave,41.91021,-87.6435
Damen Ave & Melrose Ave,41.9406,-87.6785
Field Blvd & South Water St,41.88634906269,-87.6175165471
Budlong Woods Library,41.98366470886,-87.6964225611
Ravenswood Ave & Berteau Ave,41.957921,-87.673567
LaSalle St & Illinois St,41.890762,-87.631697
Clark St & Newport St,41.94454,-87.654678
Sheridan Rd & Argyle St,41.97328682025979,-87.65475958585739
Stetson Ave & South Water St,41.886835,-87.62232
Dayton St & North Ave,41.9105780349,-87.6494219288
Green St & Randolph St*,41.883601657275165,-87.64862671494483
Ashland Ave & Grace St,41.950687,-87.6687
State St & Chicago Ave,41.89661720040753,-87.62857854366302
Lincoln Park Conservatory,41.92393131136619,-87.63582453131676
Sheffield Ave & Willow St,41.913688,-87.652855
Lavergne Ave & Fullerton Ave,41.924034,-87.751191
Larrabee St & Menomonee St,41.91468,-87.64332
Streeter Dr/Grand Ave,41.892401,-87.612388
Wolcott Ave & Polk St,41.871262,-87.673688
Spaulding Ave & Armitage Ave,41.91710803478932,-87.71022096276283
Clifton Ave & Armitage Ave,41.918216,-87.656936
Sedgwick St & North Ave,41.910983,-87.638525
DuSable Lake Shore Dr & Diversey Pkwy,41.932588,-87.636427
Franklin St & Adams St (Temp),41.87943409140013,-87.63550400733948
Southport Ave & Roscoe St,41.943739,-87.66402
Kilbourn Ave & Irving Park Rd,41.953733,-87.740569
Orleans St & Elm St,41.902924,-87.637715
Southport Ave & Clybourn Ave,41.9215759,-87.6664335
Lincoln Ave & Fullerton Ave,41.924161029067626,-87.64638036489487
Halsted St & Willow St,41.913865,-87.648755
Halsted St & Roosevelt Rd,41.867324,-87.648625
Wells St & Walton St,41.900003672,-87.63438952
Rush St & Cedar St,41.90230870122,-87.627690528
Clinton St & 18th St,41.85795,-87.640826
Humboldt Blvd & Armitage Ave,41.91751339399,-87.7018089555
Wells St & Polk St,41.872794151,-87.633878946
Dearborn St & Adams St,41.8793563587,-87.6297910363
Dearborn St & Van Buren St,41.876268,-87.629155
Lincoln Ave & Belle Plaine Ave,41.95600355078549,-87.68016144633293
DuSable Lake Shore Dr & Wellington Ave,41.9366884494997,-87.63682901859283
Bissell St & Armitage Ave*,41.9182955629354,-87.65218332409859
Canal St & Madison St,41.882409,-87.639767
Rush St & Superior St,41.89576474564,-87.6259080327
Damen Ave & Charleston St,41.920082,-87.677855
Loomis St & 89th St,41.73237975329554,-87.65806943178177
Stockton Dr & Wrightwood Ave,41.93132,-87.638742
Kedzie Ave & 24th St,41.848193,-87.705412
Sangamon St & Lake St,41.88577925240433,-87.65102460980414
Wood St & Webster Ave,41.92105672992757,-87.67279744148254
Damen Ave & Pierce Ave,41.9088152,-87.6771937
Larrabee St & Kingsbury St,41.897764,-87.642884
Racine Ave & Wrightwood Ave,41.928887,-87.658971
Franklin St & Illinois St,41.89102331025185,-87.63547986745834
Racine Ave & Fullerton Ave,41.925566,-87.658416
Michigan Ave & 8th St,41.872773,-87.623981
Canal St & Monroe St,41.8829056,-87.6397409
Burling St & Diversey Pkwy,41.93314,-87.64776
Wells St & Huron St,41.894722,-87.634362
Wells St & Evergreen Ave,41.906724,-87.63483
Damen Ave & Grand Ave,41.89239445296271,-87.67688512802124
Sheffield Ave & Waveland Ave,41.949399,-87.654529
Western Ave & Walton St,41.89841768945,-87.6865960164
Clinton St & Lake St,41.885637,-87.641823
Ashland Ave & Division St,41.90345,-87.667747
Hermitage Ave & Polk St,41.871514,-87.669886
Sheridan Rd & Buena Ave,41.958494,-87.654966
New St & Illinois St,41.89084704062381,-87.61861681938171
Clark St & Wrightwood Ave,41.929546,-87.643118
Talman Ave & Addison St,41.9466358306,-87.694614758
Kedzie Ave & 48th Pl,41.8047581237684,-87.70421936879356
Ashland Ave & 74th St,41.75923602425868,-87.66347408294678
Grace St & Central Ave,41.9495327,-87.7672648
Calumet Ave & 18th St,41.85761755293753,-87.61941075325012
Wells St & Concord Ln,41.912133,-87.634656
McClurg Ct & Erie St,41.894503,-87.617854
Wood St & Augusta Blvd,41.899181,-87.6722
Buckingham Fountain,41.876368,-87.6205586
Public Rack - Washtenaw Ave & Devon Ave,41.997764,-87.697221
Aberdeen St & Randolph St,41.884114,-87.654264
Milwaukee Ave & Rockwell St,41.92019556200566,-87.69265919923781
Lincoln Ave & Addison St,41.946176,-87.673308
Dearborn St & Monroe St,41.881319815,-87.6295209193
Francisco Ave & Foster Ave,41.97563272521,-87.7014194389
Milwaukee Ave & Fullerton Ave,41.924691,-87.70055
Dearborn Pkwy & Delaware Pl,41.898969,-87.629912
California Ave & Francis Pl,41.91849115368695,-87.69742280244827
Leavitt St & North Ave,41.910533,-87.682308
Tripp Ave & 65th St,41.77491,-87.72883
Larrabee St & Armitage Ave,41.918084,-87.643749
Wood St & Milwaukee Ave,41.907655,-87.672552
Michigan Ave & Washington St,41.8839840647265,-87.6246839761734
Franklin St & Chicago Ave,41.897167,-87.6356949
Kedzie Ave & 21st St,41.85353363213,-87.7050730318
Desplaines St & Kinzie St,41.888716036,-87.6444478533
Field Museum,41.865312,-87.617867
Leavitt St & Armitage Ave,41.917805,-87.682437
Sheffield Ave & Wrightwood Ave,41.928712,-87.653833
Orleans St & Chestnut St (NEXT Apts),41.898203,-87.637536
Mango Ave & Diversey Ave,41.9309625,-87.7698856
Southport Ave & Wrightwood Ave,41.928773,-87.663913
Christiana Ave & Lawrence Ave,41.96835449363,-87.7118306675
Elizabeth St & Randolph St,41.884336,-87.658902
Maplewood Ave & Peterson Ave,41.99023602867,-87.6933696402
Kedzie Ave & Milwaukee Ave,41.928999,-87.70803
State St & Pearson St,41.897448,-87.628722
Lincoln Ave & Diversey Pkwy,41.932225,-87.658617
Pine Grove Ave & Waveland Ave,41.94947274088333,-87.64645278453827
Broadway & Waveland Ave,41.949074,-87.648636
Clinton St & Washington Blvd,41.88338,-87.64117
Fairbanks Ct & Grand Ave,41.89184737210993,-87.62058019638062
Clark St & Montrose Ave,41.961588,-87.666036
Theater on the Lake,41.926277,-87.630834
Rockwell St & Eastwood Ave,41.96590013976,-87.6936384935
Clark St & Lincoln Ave,41.915689,-87.6346
Michigan Ave & 14th St,41.864059,-87.623727
Leavitt St & Addison St,41.946655,-87.683359
California Ave & Cortez St,41.900363,-87.696704
Millennium Park,41.8810317,-87.62408432
Damen Ave & Division St,41.903266,-87.678435
Halsted St & Fulton St,41.886871,-87.648089
Larrabee St & Oak St,41.90021949323,-87.6429854676
Dearborn St & Erie St,41.893992,-87.629318
Elston Ave & Cortland St,41.91643342912655,-87.66674637794495
Greenview Ave & Diversey Pkwy,41.93258963429789,-87.66593635082245
Paulina Ave & North Ave,41.90985465216731,-87.66993016004562
Wilton Ave & Diversey Pkwy*,41.932428598,-87.652730465
Campbell Ave & North Ave,41.910535,-87.689556
Dusable Harbor,41.886976,-87.612813
Cityfront Plaza Dr & Pioneer Ct,41.890573,-87.622072
Fairbanks St & Superior St,41.895748,-87.620104
Clinton St & Jackson Blvd,41.87831661183069,-87.64098107814789
McCormick Place,41.8513751729,-87.6188346489
,41.9,-87.63
Wabash Ave & Grand Ave,41.891466,-87.626761
Lincoln Ave & Roscoe St*,41.9433502470174,-87.67066776752472
Southport Ave & Waveland Ave,41.948226,-87.6640712
St. Clair St & Erie St,41.89434513742426,-87.62279838323593
Clark St & Schreiber Ave,41.999245,-87.671249
Damen Ave & Clybourn Ave,41.931931,-87.677856
Wood St & Hubbard St,41.889715,-87.671966
Ada St & Washington Blvd,41.88283,-87.661206
Logan Blvd & Elston Ave,41.929465,-87.684158
Ritchie Ct & Banks St,41.906866,-87.626217
Sheffield Ave & Webster Ave,41.92154,-87.653818
Franklin St & Lake St,41.885837,-87.6355
Public Rack - Spaulding Ave & Evergreen Ave,41.905317,-87.709521
Milwaukee Ave & Cuyler Ave,41.954468,-87.749594
Clark St & Berwyn Ave,41.97803062248656,-87.66856491565704
DuSable Lake Shore Dr & Belmont Ave,41.940775,-87.639192
Ashland Ave & Grand Ave,41.891072,-87.666611
Kedzie Ave & Palmer Ct,41.921525,-87.707322
Wacker Dr & Washington St,41.88314336439022,-87.63724207878113
LaSalle St & Jackson Blvd,41.878166,-87.631929
Wilton Ave & Diversey Pkwy,41.932418,-87.652705
California Ave & Milwaukee Ave,41.922695,-87.697153
Sayre Ave & Diversey Ave,41.93098,-87.80106
LaSalle Dr & Huron St,41.894877,-87.632326
Central Park Ave & Bloomingdale Ave,41.914166,-87.716755
Broadway & Cornelia Ave,41.945529,-87.646439
Michigan Ave & Lake St,41.886022,-87.624398
Wabash Ave & Wacker Pl,41.886875,-87.62603
Milwaukee Ave & Wabansia Ave,41.912616,-87.681391
Morgan St & Lake St*,41.88549170626906,-87.65228927135468
LaSalle St & Washington St,41.882735252,-87.633289933
Elizabeth St & Fulton St,41.886827,-87.658937
Central Ave & Parker Ave,41.9301785,-87.7661217
Carpenter St & Huron St,41.894556,-87.653449
Clinton St & Madison St,41.882751965685614,-87.64119029045105
DuSable Lake Shore Dr & Monroe St,41.880958,-87.616743
Ashland Ave & Blackhawk St,41.907066,-87.667252
Halsted St & Wrightwood Ave,41.929143,-87.649077
Franklin St & Monroe St,41.880317,-87.635185
State St & Randolph St,41.88462107257936,-87.62783423066139
Clark St & Drummond Pl,41.931248,-87.644336
Stave St & Armitage Ave,41.917741,-87.691392
Michigan Ave & Jackson Blvd,41.8777679,-87.624164
Financial Pl & Ida B Wells Dr,41.8750236280333,-87.6330940425396
Michigan Ave & Madison St,41.882134,-87.625125
Clark St & Schiller St,41.907993,-87.631501
N Clark St & W Elm St,41.902901,-87.631282
Western Ave & Granville Ave,41.99416136902,-87.689438282
Southport Ave & Belmont Ave,41.93947775040509,-87.6637476682663
Narragansett Ave & Montrose Ave,41.959978,-87.786928
Albany Ave & Bloomingdale Ave,41.91402671273,-87.705126462
Clybourn Ave & Division St,41.904613,-87.640552
Canal St & Jackson Blvd,41.878125,-87.639968
Ogden Ave & Race Ave,41.891795,-87.658751
Halsted St & 18th St,41.85750568031716,-87.64599144458771
Elizabeth St & 47th St,41.80839,-87.656526
Wood St & Taylor St (Temp),41.869265218438194,-87.67373085021973
Harper Ave & 59th St,41.78794281287,-87.5883151702
Paulina St & 18th St,41.857901,-87.668745
Clinton St & Roosevelt Rd,41.8671177825,-87.6410879593
Laflin St & Cullerton St,41.85491457576575,-87.66355991363525
Public Rack - Houston Ave & 130th St,41.658962,-87.548528
Damen Ave & Cullerton St,41.854966518753926,-87.67569959163664
Ogden Ave & Congress Pkwy,41.87501,-87.67328
Lake Park Ave & 53rd St,41.79949429373,-87.5864498959
Ellis Ave & 58th St,41.788746,-87.601334
Wabash Ave & Cermak Rd,41.852619,-87.626488
Canal St & Harrison St,41.874255,-87.639573
Racine Ave & 18th St,41.8583996,-87.6564226
Ellis Ave & 60th St,41.78509714636,-87.6010727606
Ellis Ave & 53rd St,41.79933626261,-87.6009581145
Griffin Museum of Science and Industry,41.79172820953,-87.583945009
Leavitt St & Chicago Ave,41.895501,-87.682017
Adler Planetarium,41.866095,-87.607267
Ellis Ave & 55th St,41.79430062054,-87.6014497734
Greenwood Ave & 47th St,41.809835,-87.599383
Hegewisch Metra Station,41.64850076266409,-87.54608988761902
Damen Ave & Madison St,41.88137,-87.67493
Ashland Ave & 13th St,41.865234,-87.666507
Wabash Ave & 49th St,41.80581,-87.6245
Ashland Ave & Wrightwood Ave,41.92883,-87.668507
Eckhart Park,41.89637337,-87.66098386
Rhodes Ave & 32nd St,41.836208,-87.613533
State St & Kinzie St,41.88937546663168,-87.62707650661469
Racine Ave & Washington Blvd,41.883073,-87.656952
Ashland Ave & Lake St,41.88592,-87.66717
Loomis St & Jackson Blvd,41.877945,-87.662007
Seeley Ave & Roscoe St,41.943403,-87.679618
Peoria St & Jackson Blvd,41.8776415962753,-87.64961779117584
Clinton St & Tilden St,41.875885,-87.640795
Michigan Ave & 18th St,41.857926,-87.624336
Clark St & Ida B Wells Dr,41.8759326655,-87.6305845355
Kimbark Ave & 53rd St,41.7994549,-87.5947779
Shields Ave & 31st St,41.838464,-87.635406
Federal St & Polk St,41.87207763285,-87.6295437729
Fort Dearborn Dr & 31st St,41.838556,-87.608218
Western Ave & Winnebago Ave,41.91552,-87.687022
Malcolm X College,41.877618,-87.673895
Blackstone Ave & 59th St,41.787877,-87.590461
Wells St & Randolph St,41.884295,-87.633963
Damen Ave & 87th St,41.736044,-87.672861
Lake Park Ave & 56th St,41.793242,-87.587782
Delano Ct & Roosevelt Rd,41.867491,-87.63219
Aberdeen St & Monroe St,41.880419,-87.655519
University Ave & 59th St,41.787878,-87.598906
Milwaukee Ave & Grand Ave,41.891578,-87.648384
Woodlawn Ave & 55th St,41.795264,-87.596471
Wentworth Ave & Cermak Rd*,41.853214418519656,-87.63187229633331
Western Ave & Monroe St,41.88142526,-87.6866316818
Western Ave & Congress Pkwy,41.87474885079,-87.6864452757
Racine Ave & Belmont Ave,41.939743,-87.658865
Francisco Ave & Chicago Ave,41.895745,-87.698653
Sheridan Rd & Irving Park Rd,41.954245,-87.654406
Damen Ave & Chicago Ave,41.895769,-87.67722
Damen Ave & Lake St,41.8849659,-87.6768354
Stony Island Ave & 71st St,41.7664929373,-87.5864608775
Blue Island Ave & 18th St,41.857556,-87.661535
May St & Taylor St,41.8696317,-87.6542494
State St & 19th St,41.856594,-87.627542
Public Rack - Meade Ave & Archer Ave,41.79405,-87.774078
Racine Ave & 13th St,41.865054,-87.656959
Prairie Ave & Garfield Blvd,41.794853,-87.618691
May St & Cullerton St,41.855136,-87.654127
Public Rack - Wilbur Wright College South,41.95828,-87.78745
Shedd Aquarium,41.867272377,-87.615645051
State St & 33rd St,41.834734,-87.625813
Cottage Grove Ave & 47th St,41.809855,-87.606755
Morgan St & 18th St,41.858086,-87.651073
Leavitt St & Archer Ave,41.82879201994,-87.6806044594
Blackstone Ave & Hyde Park Blvd,41.802562,-87.590368
St. Louis Ave & Fullerton Ave,41.92481559681187,-87.71449506282805
Throop St & Taylor St,41.868968,-87.659141
State St & Van Buren St,41.877181,-87.627844
South Shore Dr & 67th St,41.773643,-87.567514
Artesian Ave & Hubbard St,41.8895,-87.688257
Canal St & Taylor St,41.870257,-87.639474
Dorchester Ave & 49th St,41.805772,-87.592464
North Ave & New England Ave,41.9092204,-87.7971406
MLK Jr Dr & Pershing Rd,41.8246,-87.61678
Western Ave & 24th St,41.84847,-87.685109
Drexel Ave & 60th St,41.785861,-87.604553
Woodlawn Ave & 58th St,41.789381,-87.596479
Wabash Ave & 16th St,41.860384,-87.625813
Shields Ave & 28th Pl,41.842733,-87.635491
Clark St & 9th St (AMLI),41.870816,-87.631246
Ashland Ave & Wellington Ave,41.936083,-87.669807
Broadway & Sheridan Rd,41.952833,-87.649993
Halsted St & Polk St,41.87184,-87.64664
Indiana Ave & 31st St,41.838842,-87.621857
Wentworth Ave & Cermak Rd,41.85308455741279,-87.63193130493164
Wallace St & 35th St,41.83070705144085,-87.64125533401966
Racine Ave & 35th St,41.83068856472101,-87.65621066093445
University Ave & 57th St,41.791478,-87.599861
Mozart St & Jackson Blvd,41.8775,-87.6974
Elston Ave & Wabansia Ave,41.912919,-87.664169
California Ave & Division St,41.903029,-87.697474
Wood St & Chicago Ave,41.895634,-87.672069
Morgan Ave & 14th Pl,41.862378,-87.651062
Prairie Ave & 43rd St,41.81665889302,-87.6194124619
Morgan St & Polk St,41.871737,-87.65103
Wabash Ave & Roosevelt Rd,41.867227,-87.625961
Western Ave & Roscoe St,41.943034,-87.687288
N Carpenter St & W Lake St,41.885586,-87.6531893
Green St & Washington Blvd,41.88318130597391,-87.64872461557388
Sangamon St & Washington Blvd,41.883165,-87.6511
Calumet Ave & 35th St,41.831379,-87.618034
Racine Ave & Congress Pkwy,41.87464,-87.65703
University Ave & 65th St,41.77694,-87.59842
MLK Jr Dr & 29th St,41.842052,-87.617
Ashland Ave & Pershing Rd,41.823465,-87.665577
Shore Dr & 55th St,41.795212,-87.580715
Wentworth Ave & 33rd St,41.83452988563,-87.6318229814
Loomis St & Archer Ave,41.84163253965,-87.6574349533
Cornell Ave & Hyde Park Blvd,41.802406,-87.586924
Loomis St & Lexington St,41.87222873224032,-87.66136385500431
Spaulding Ave & Division St,41.90270659438,-87.709219571
Halsted St & Maxwell St,41.864883,-87.647071
Wabash Ave & Adams St,41.87947235235,-87.6256886059
Halsted St & 21st St,41.85377981072743,-87.6466029882431
Cottage Grove Ave & 63rd St,41.78053094070882,-87.6059702038765
Lincoln Ave & Sunnyside Ave,41.963004,-87.684781
Lake Park Ave & 35th St,41.83127423549,-87.6087991946
Sheffield Ave & Wellington Ave,41.9362534831413,-87.65266209840775
Western Ave & Leland Ave,41.966399801840986,-87.68870428204536
Sheridan Rd & Loyola Ave,42.00104377979,-87.6611982433
Albany Ave & Montrose Ave,41.961041,-87.705866
Broadway & Ridge Ave,41.9840446107,-87.6602738295
Meade Ave & Fullerton Ave,41.924751,-87.778272
Washtenaw Ave & Lawrence Ave,41.9687297,-87.6962603
Public Rack - Woodlawn Ave & 63rd St N,41.780621,-87.596033
Glenwood Ave & Morse Ave,42.00797192287,-87.6655023944
Dodge Ave & Mulford St,42.023463,-87.699595
Burnham Harbor,41.85741178707404,-87.61379152536392
Warren Park West,42.001785,-87.688829
Damen Ave & Sunnyside Ave,41.96325,-87.679258
Oakley Ave & Irving Park Rd,41.954335213,-87.686121225
Kenosha Ave & Wellington Ave,41.934457,-87.733795
Elston Ave & George St,41.934003,-87.690823
Campbell Ave & Augusta Blvd,41.899578,-87.689497
Lincoln Ave & Melrose St,41.9406,-87.669435
Clark St & Jarvis Ave,42.015963,-87.675005
Peterson/Ridge Metra,41.9918,-87.67489
State St & Harrison St,41.874053,-87.627716
Dorchester Ave & 63rd St,41.7804056457,-87.5914159893
Kedzie Ave & Leland Ave,41.96668636205,-87.7080519806
Kilpatrick Ave & Grand Ave,41.912732,-87.743636
Loomis St & 95th St,41.72148,-87.65774
Clark St & Winnemac Ave,41.97334764047304,-87.6678554713726
Public Rack - Washtenaw Ave & Superior St,41.894738,-87.695204
Greenview Ave & Jarvis Ave,42.015962,-87.66857
N Paulina St & Lincoln Ave,41.943838,-87.671469
Racine Ave & Randolph St,41.884081224846845,-87.65692072930314
Warren Park East,42.00454962194,-87.6806661451
Kedzie Ave & 66th Pl,41.772584,-87.703007
Clark St & Leland Ave,41.96708783918421,-87.66729086637497
Winchester (Ravenswood) Ave & Balmoral Ave,41.979762,-87.67753
Stony Island Ave & 64th St,41.778881,-87.586647
California Ave & Fletcher St,41.93842879148,-87.698007756
Sawyer Ave & Irving Park Rd,41.95358617895,-87.7093107999
Claremont Ave & Hirsch St,41.907781,-87.685854
Marine Dr & Ainslie St,41.9716,-87.650154
Sedgwick St & Schiller St,41.907626,-87.638566
Ravenswood Ave & Irving Park Rd,41.95469,-87.67393
Cottage Grove Ave & 83rd St,41.743441,-87.604836
Ashland Ave & 50th St,41.803023,-87.664699
Paulina St & Montrose Ave,41.961507,-87.671387
California Ave & Altgeld St,41.92669,-87.697668
Lincoln Ave & Winona St,41.97491129677,-87.6925025594
Vernon Ave & 75th St,41.758361,-87.614138
Kedzie Ave & Redfield Dr,41.76523,-87.70316
MLK Jr Dr & 63rd St,41.78008063659,-87.6159428567
Lake Park Ave & 47th St,41.809443,-87.591875
Broadway & Granville Ave,41.9947796884,-87.6602845349
Clark St & Lunt Ave,42.00901118058077,-87.67411172389984
Calumet Ave & 33rd St,41.8349,-87.61793
Southport Ave & Irving Park Rd,41.954177,-87.664358
Central Park Ave & Elbridge Ave,41.93533728263,-87.7168892935
Cannon Dr & Fullerton Ave,41.9267559875,-87.6344287848
Richmond St & Lincoln Ave,41.9881174,-87.7031754
Sheridan Rd & Columbia Ave,42.004583,-87.661406
Western Ave & Lunt Ave,42.0085943972,-87.6904922389
Desplaines St & Randolph St,41.883703,-87.644238
Broadway & Berwyn Ave,41.978361,-87.659789
Wentworth Ave & 63rd St,41.78007963264,-87.6297463052
Glenwood Ave & Touhy Ave,42.012701,-87.666058
Cottage Grove Ave & 67th St,41.77372095205,-87.60563486
Troy St & Elston Ave,41.94524356848,-87.7066499009
Woodlawn Ave & Lake Park Ave,41.81409271048,-87.5970051479
Broadway & Wilson Ave,41.965221,-87.658139
Benson Ave & Church St,42.048214,-87.683485
Sheridan Rd & Lawrence Ave,41.969517,-87.654691
Public Rack - Hyde Park Blvd & 55th St,41.795,-87.584113
Pine Grove Ave & Irving Park Rd,41.954383,-87.648043
Central Ave & Lake St,41.887664,-87.765469
Western Ave & Fillmore St,41.868563,-87.686234
Ashland Ave & Belle Plaine Ave,41.956057,-87.668835
Hampden Ct & Diversey Ave,41.9325593,-87.6423847
Public Rack - Langley Ave & 49th St,41.805218,-87.609076
Kedzie Ave & Bryn Mawr Ave,41.98222975911517,-87.70888656377792
Sheridan Rd & Greenleaf Ave,42.01058656284,-87.6624120948
Public Rack - Melvina Ave & Montrose Ave,41.9588498,-87.7819167
Clarendon Ave & Gordon Ter,41.95786652415174,-87.64950513839722
W Armitage Ave & N Sheffield Ave,41.917805,-87.653449
Troy St & North Ave,41.90976930169,-87.7052804871
Keystone Ave & Fullerton Ave,41.92459,-87.72785
Racine Ave & 15th St,41.861267,-87.656625
Ogden Ave & Roosevelt Rd,41.86650148316,-87.68469707
Eggleston Ave & 92nd St,41.727575659299575,-87.63482809066771
Emerald Ave & 31st St,41.838198,-87.645143
Lowell Ave & Armitage Ave,41.9170767,-87.7353543
Lakefront Trail & Bryn Mawr Ave,41.98404411519213,-87.65228122472763
Broadway & Argyle St,41.974238396,-87.660058975
Western Ave & 101st St,41.71011,-87.68198
Winthrop Ave & Lawrence Ave,41.968812,-87.657659
Public Rack - Spaulding Ave & North Ave,41.910138,-87.709553
N Damen Ave & W Chicago Ave,41.895809,-87.678519
LaSalle St & Adams St,41.87934437346,-87.6319852213
Public Rack - N Narragansett Ave & Grand Ave,41.9225804,-87.7849799
Lamon Ave & Armitage Ave,41.91676,-87.749458
Campbell Ave & Montrose Ave,41.961524,-87.691177
Kedzie Ave & Lake St,41.88460328501,-87.7063037436
Cottage Grove Ave & 51st St,41.803038,-87.606615
Central Park Ave & North Ave,41.90965687563,-87.7166319516
Southport Ave & Clark St,41.957081,-87.664199
North Boundary Park,42.01303,-87.70891
Ashland Ave & Augusta Blvd,41.899643,-87.6677
Calumet Ave & 51st St,41.80229465088,-87.6180535802
Kedzie Ave & Foster Ave,41.975672,-87.709261
Austin Blvd & Lake St,41.88794379427211,-87.77427345514297
Michigan Ave & 114th St,41.68701479467118,-87.62105226516724
Wolcott (Ravenswood) Ave & Montrose Ave,41.961406,-87.676169
Sacramento Ave & Pratt Blvd,42.00404,-87.70473
California Ave & Lake St,41.88445395657,-87.6962981368
California Ave & Montrose Ave,41.961068,-87.695439
McCormick Blvd & Devon Ave,41.997136,-87.711217
Sheridan Rd & Noyes St (NU),42.058239,-87.677432
South Shore Dr & 71st St,41.7664094567,-87.5656875719
Kedzie Ave & George St,41.933886,-87.707262
Stony Island Ave & 67th St,41.77345849948,-87.5853397391
Kedzie Ave & Chicago Ave,41.89546530305,-87.7061278837
Western Ave & Grace St,41.95039,-87.688234
Kostner Ave & 63rd St,41.77875,-87.73246
Mulligan Ave & Archer Ave,41.79296,-87.78052
Komensky Ave & 55th St,41.793279,-87.724189
Ridge Blvd & Touhy Ave,42.01213227742,-87.6829126443
Stony Island Ave & 82nd St,41.746559,-87.586005
Clarendon Ave & Leland Ave,41.967968,-87.650001
Fort Dearborn Dr & 31st St*,41.83867632897121,-87.60883212089539
Drake Ave & Addison St,41.947326,-87.717582
Lamon Ave & Belmont Ave,41.9390108,-87.7492834
Hamlin Ave & Grand Ave,41.904035,-87.721563
Bernard St & Peterson Ave,41.9904393,-87.715236
Cicero Ave & Roscoe Ave,41.942427,-87.747315
Public Rack - Penn Elementary School / KIPP Ascend Middle School,41.8586742,-87.7223835
Drake Ave & Montrose Ave,41.96115407569,-87.7165690733
Calumet Ave & 21st St,41.85418424947,-87.6191537415
Jeffery Blvd & 67th St,41.77351755125,-87.5771428255
Public Rack - Komensky Ave & 63rd St,41.77882,-87.723599
Midway Orange Line,41.78692,-87.73892
Public Rack - Kedvale Ave & 63rd St W,41.778761,-87.726892
Halsted St & 63rd St,41.77938114228,-87.6446208145
Pulaski Rd & 51st St,41.800428271,-87.724854589
Public Rack - Racine Ave & 74th St,41.759439,-87.654146
Francisco Ave & Montrose Ave,41.9610471,-87.700901
St Louis Ave & 59th St,41.78589,-87.71057
Western Ave & Division St,41.902893,-87.687275
Paulina St & Howard St,42.019159,-87.673573
St. Louis Ave & Balmoral Ave,41.98039423475,-87.7161149615
California Ave & Byron St,41.95216219326,-87.698051113
N Southport Ave & W Newport Ave,41.944019,-87.663975
California Ave & North Ave,41.910044,-87.697167
Stony Island Ave & South Chicago Ave,41.751173,-87.585337
Rockwell St & Fletcher St,41.938689,-87.692972
Sacramento Blvd & Fulton Ave,41.886528,-87.70167
Kedvale Ave & Peterson Ave,41.9900762,-87.7317073
Granville Ave & Pulaski Rd,41.9924402,-87.7289072
Richmond St & Diversey Ave,41.93190196886,-87.7011951301
Emerald Ave & 28th St,41.84358,-87.645368
Leamington Ave & Hirsch St,41.9058405,-87.7548602
Avers Ave & Belmont Ave,41.939408,-87.723574
Harlem Ave & Bloomingdale Ave,41.91203,-87.80577
Halsted St & Archer Ave,41.847203,-87.646795
Kostner Ave & Wrightwood Ave,41.927957,-87.735952
Leavitt St/North Ave,41.910077,-87.682306
Smith Park,41.892048,-87.689397
Kostner Ave & Bryn Mawr Ave,41.982765,-87.738094
Lakefront Trail & Wilson Ave,41.9668559,-87.6430926
Laramie Ave & Bloomingdale Ave,41.91432,-87.75572
Cottage Grove Ave & 43rd St,41.816499,-87.606582
Laramie Ave & Irving Park Rd,41.9533354,-87.7583844
Normal Ave & Archer Ave,41.849527,-87.640591
Union Ave & Root St,41.819102,-87.643278
Hoyne Ave & 47th St,41.808227,-87.67718
California Ave & Madison St,41.88098,-87.69598
Kilbourn Ave & Belden Ave,41.922369,-87.739024
Harding Ave & Chicago Ave,41.895313,-87.724738
Merrimac Park,41.95261,-87.78535
Morgan St & 31st St,41.8378,-87.65114
Public Rack - Milwaukee Ave & Higgins Ave,41.9685964,-87.7612092
Central Park Ave & Washington Blvd,41.8827476,-87.7153994
Ashland Ave & Archer Ave,41.83920868403,-87.6656098589
Parkside Ave & Armitage Ave,41.916907,-87.767173
Cherry Ave & Blackhawk St,41.907221,-87.655618
Milwaukee Ave & Agatite Ave,41.9615,-87.75489
Grace St & Cicero Ave,41.94973,-87.74695
Monticello Ave & Lawrence Ave,41.968204,-87.719547
Western Ave & 28th St,41.84151770807,-87.6851314409
Wentworth Ave & 24th St,41.85008369347577,-87.6321405172348
Halsted St & North Branch St,41.89939028549696,-87.64854490756989
California Ave & Winona St,41.974712,-87.697852
Austin Blvd & Chicago Ave,41.894887,-87.774704
Rockwell St & Cermak Rd,41.851644,-87.690621
Campbell Ave & Fullerton Ave,41.92463247165,-87.6893070063
State St & 35th St,41.8310363140161,-87.62679755687714
Karlov Ave & Lawrence Ave,41.967947,-87.730409
St Louis Ave & Norman Bobbins Pl,41.79439,-87.71132
Spaulding Ave & 16th St,41.8590732,-87.7078929
Knox Ave & Montrose Ave,41.960631,-87.745359
Stony Island Ave & 75th St,41.7586696704,-87.586882871
Narragansett Ave & Wrightwood Ave,41.92729,-87.78523
South Shore Dr & 74th St,41.76218896038,-87.55927465
Princeton Ave & Garfield Blvd,41.794982,-87.633124
Leavitt St & Lawrence Ave,41.968885,-87.684001
Halsted St & 37th St,41.827059,-87.64572
Kilbourn Ave & Milwaukee Ave,41.94707089418471,-87.74000823497772
California Ave & 26th St,41.8436799145765,-87.69496858119965
State St & 76th St,41.756971,-87.624621
63rd St Beach,41.78091096424803,-87.57632374763489
Public Rack - Kedzie Ave & Argyle St,41.972097,-87.708572
Kosciuszko Park,41.93058537138,-87.7237773635
Stony Island Ave & 63rd St,41.780506,-87.586853
Sacramento Blvd & Franklin Blvd,41.89046879243862,-87.70260751247406
Public Rack - Lafayette Ave & 95th St,41.721787,-87.624939
Fairfield Ave & Roosevelt Rd,41.866624,-87.694521
Public Rack - Avers & Lawrence,41.96842,-87.72446
Damen Ave/Coulter St,41.8492,-87.67564
Woodlawn Ave & 75th St,41.75916,-87.595751
MLK Jr Dr & 47th St,41.809851,-87.616279
Lincoln Ave & Peterson Ave,41.990267,-87.70857
Ashland Ave & 78th St,41.75220484941116,-87.66369938850403
Pulaski Rd & Eddy St,41.946264,-87.731023
Stewart Ave & 83rd St,41.743717,-87.634088
State St & 95th St,41.7218499,-87.6228544
Monticello Ave & Irving Park Rd,41.95400483876,-87.7191281797
Long & Irving Park,41.953038,-87.7621632
Keystone Ave & Montrose Ave,41.96110801623,-87.7289701012
California Ave & Granville Ave,41.9941803,-87.6995596
Hoyne Ave & Balmoral Ave,41.979851,-87.681932
Kenneth Ave & Lawrence Ave,41.967943,-87.739983
Central Park Ave & Ardmore Ave,41.9866081,-87.7187674
Bradley Park,41.717878301935,-87.56459176540375
Pulaski Rd & Ann Lurie Pl,41.81644,-87.7248
Komensky Ave & 31st St,41.836708,-87.725641
Halsted St & 35th St,41.830661,-87.647172
Western Ave & Berteau Ave,41.95774,-87.688273
Whipple/Irving Park,41.954189,-87.704448
N Shore Channel Trail & Argyle St,41.972177,-87.702749
Central Park Ave & Ogden Ave,41.854063503874464,-87.71511733531952
Vincennes Ave & 75th St,41.75797,-87.63121
Portage Park,41.95607,-87.76472
Washtenaw Ave & Peterson Ave,41.99066,-87.697075
Western Ave & Gunnison St,41.969659,-87.68955
Dodge Ave & Church St,42.048308,-87.698224
Burnham Greenway & 112th St,41.69177385116831,-87.53043115139008
Elmwood Ave & Austin St,42.025779843,-87.684148073
Kimball Ave & Belmont Ave,41.93939395344302,-87.71206766366959
Hale Ave & 107th St,41.69920616812768,-87.66891896724701
Central Ave & Roscoe St,41.942275,-87.76695
Public Rack - Hamlin Ave & Montrose Ave,41.961216,-87.722416
Campbell Ave & Irving Park Rd,41.953634,-87.690782
Oakley Ave & Touhy Ave,42.012342,-87.688243
Sacramento Ave & Lunt Ave,42.0082,-87.70461
Troy St & Grace St,41.950244,-87.706489
California Ave & Touhy Ave,42.0120368,-87.7004371
Ewing Ave & 106th St,41.702627063,-87.535638094
Manor Ave & Leland Ave,41.965875,-87.700825
Kilbourn Ave & Roscoe St,41.942722,-87.739557
Archer Ave & 43rd St,41.8154913,-87.7024412
Central St Metra,42.063598,-87.69873
Dodge Ave & Main St,42.03463185161588,-87.69918769598006
Monitor Ave & Division St,41.90192,-87.77178
Public Rack - Rockwell Ave & Touhy Ave ,42.012344,-87.695383
Archer Ave & 49th St,41.8042,-87.72082
Wells St & 19th St,41.856802,-87.633879
Eastlake Ter & Howard St,42.01920250193227,-87.66430288553238
Albany Ave & Belmont Ave,41.939638,-87.705263
Ewing Ave & Burnham Greenway,41.70999,-87.5355
Public Rack - Touhy Ave & Oconto Ave,42.0117739,-87.8076646
Kostner Ave & Belmont Ave,41.939191,-87.737112
Public Rack - Campbell Ave & Pratt Blvd,42.00507,-87.692643
Archer Ave & Homan Ave,41.81153,-87.70885
Clark St & Touhy Ave,42.01256011541,-87.6743671152
Harlem Ave & Irving Park Rd,41.95326,-87.80714
Western Ave & Howard St,42.018901,-87.690048
Evanston Civic Center,42.057044,-87.686554
Komensky Ave & 47th St,41.80769,-87.72472
St Louis Ave & 51st St,41.80095,-87.71104
Springfield Ave & 47th St,41.8080713,-87.7212202
Wood St & 35th St,41.83010465416,-87.6702983089
Richmond St & 59th St,41.78649,-87.69733
Kedzie Ave & 45th St,41.8113904,-87.7040052
Lawndale Ave & 59th St,41.78638,-87.7157
Rockwell St & 63rd St,41.7787905,-87.6885894
Central Ave & Chicago Ave,41.894958,-87.764902
Public Rack - Hamlin Ave & Fullerton Ave,41.924319,-87.721446
State St & 29th St,41.841707,-87.626938
Kedzie Ave & 54th Pl,41.79431,-87.70348
Mayfield Ave & Roosevelt Rd,41.86569,-87.77176
Ping Tom Park (East),41.8579886,-87.6319447
Kedzie Ave & 60th St,41.78458,-87.70319
Fairfield Ave & 44th St,41.813617,-87.6932272
Kedzie Ave & 57th St,41.78983,-87.7031
Kedzie Ave & Archer Ave,41.81447,-87.70411
Kedzie Ave & 52nd St,41.79906,-87.70342
Aberdeen St & 103rd St,41.70704,-87.65022
Ashland Ave & 66th St,41.774074,-87.663815
Public Rack - Langley Ave & Oakwood Blvd,41.822839,-87.609525
Mozart St & 55th St,41.79375,-87.69472
Wentworth Ave & 35th St,41.830777,-87.632504
Latrobe Ave & Chicago Ave,41.894745,-87.756895
Perry Ave & 69th St,41.76929308995,-87.6281959291
Kilpatrick Ave & Parker Ave,41.930736,-87.744082
Francisco Ave & 47th St,41.80849,-87.69673
Wabash Ave & 59th St,41.78715,-87.62395
Austin Blvd & Madison St,41.880281,-87.774453
Chicago Ave & Washington St,42.032562,-87.679101
Public Rack - Kedzie & 103rd St - W,41.705247,-87.701424
Public Rack - Milwaukee Ave & Kennedy Expy,41.9712722,-87.7638869
Bosworth Ave & Howard St,42.019537,-87.669563
Public Rack - Harold Washington Park,41.801089,-87.584791
Laramie Ave & Gladys Ave,41.875806,-87.755285
Western Ave & 21st St,41.854109,-87.685838
Conservatory Dr & Lake St,41.885502,-87.716866
California Ave & 21st St,41.8537957934734,-87.69582286477088
Farragut Ave & Central Ave,41.97666,-87.76823
Walden Pkwy & 100th St,41.71216410359803,-87.66773343086243
Bernard St & Elston Ave,41.949923,-87.713949
Laramie Ave & Kinzie St,41.887832,-87.755527
Public Rack - Cottage Grove & 86th St,41.738409,-87.604822
Evans Ave & 75th St,41.75849,-87.60641
21st St & Pulaski Rd,41.85344207588209,-87.72462849736986
State St & 79th St,41.750794,-87.624424
Lincolnwood Dr & Central St,42.064854,-87.715297
Francisco Ave & Bloomingdale Ave,41.913959,-87.699368
Public Rack - Jensen Park,41.964864,-87.720774
MLK Jr Dr & 83rd St,41.743116,-87.6148
Public Rack - Monticello & Lawrence,41.968214,-87.719541
Ridge Blvd & Howard St,42.019276,-87.68452
Houston Ave & 92nd St,41.72820421535798,-87.54970014095306
Central St & Girard Ave,42.064313,-87.686152
Public Rack - Jonathan Y Scammon Public School,41.941612,-87.732372
Public Rack - Milwaukee Ave & Diversey Ave,41.93123,-87.711501
Jeffery Blvd & 71st St,41.76663823695,-87.5764501141
St Louis Ave & Foster Ave,41.9759837,-87.7159844
Vernon Ave & 79th St,41.75094,-87.61379
Central Park Ave & 24th St,41.8481,-87.715068
Kilbourn Ave & Diversey Ave,41.93179,-87.73934
Marshfield Ave & 44th St,41.813996,-87.666589
Valli Produce - Evanston Plaza,42.039742,-87.699413
Michigan Ave & 108th St,41.698168278,-87.621122122
Chicago Ave & Sheridan Rd,42.050491,-87.677821
Public Rack - Garfield Park Conservatory,41.88658,-87.716646
Troy Ave & 27th St,41.84265,-87.70401
Public Rack - Laramie Ave & Belmont Ave,41.9386855,-87.75563
Public Rack - Central Park Ave & Fillmore St,41.8680617,-87.7153897
Seeley Ave & Garfield Blvd,41.794087,-87.675478
Prospect Sq & 91st St,41.7282338,-87.6675239
University Library (NU),42.052939,-87.673447
Archer (Damen) Ave & 37th St,41.826712,-87.683144
Lockwood Ave & Wrightwood Ave,41.927766,-87.758544
Ashland Ave & 63rd St,41.779374,-87.664843
Damen Ave & Pershing Rd,41.823192,-87.676597
Long Ave & Belmont Ave,41.93833,-87.76166
Public Rack - Central Park & Bryn Mawr,41.982873,-87.719594
Public Rack - Austin Ave & Wrightwood Ave,41.927666,-87.775682
Commercial Ave & 97th St,41.71893,-87.55112
Public Rack - Nina Ave & Avondale Ave,41.9911458,-87.7991043
Clinton St & Polk St,41.87146651779,-87.6409491327
Linder Ave & Montrose Ave,41.96081,-87.76488
Major Taylor Trail & 115th St,41.68493159519296,-87.6452887058258
Lynch Ave & Elston Ave,41.981009722,-87.761433601
Public Rack - Lawndale Ave & Diversey Ave,41.931702,-87.719254
Michigan Ave & 71st St,41.765286,-87.621748
Western Ave & 111th St,41.691211034981045,-87.68129736185074
Public Rack - Wolcott Ave & 61st St,41.782378,-87.671719
Artesian Ave & 71st St,41.764345,-87.684417
Public Rack - Kenneth & Carmen,41.972642,-87.739239
Western Ave & 79th St,41.750843,-87.682701
Michigan Ave & 113th St,41.68905,-87.62079
Public Rack - Western Blvd & 49th St,41.80478,-87.683749
Western Blvd & 48th Pl,41.805661,-87.683392
Elston Ave & Henderson St,41.941499,-87.701051
Sacramento Blvd & Addison St,41.94609,-87.702988
Long Ave & Diversey Ave,41.93104,-87.76124
Public Rack - Western Ave & 47th Pl,41.808038,-87.684709
Public Rack - Champlain Ave & 65th St,41.775904,-87.609301
DuSable Museum,41.79156801058,-87.6078521774
Lincoln Ave & Balmoral Ave,41.979461,-87.693013
Burley Ave & 85th St,41.74115932,-87.545202613
Public Rack - Devon Ave & Minnehaha Ave (east),41.9974341,-87.7628164
Halsted St & 51st St,41.80183164049,-87.645213904
Halsted St & 47th Pl,41.80813391481,-87.6456165545
Kostner Ave & Devon Ave,41.997032,-87.73837
Public Rack - Hyde Park Blvd & 53rd St,41.799468,-87.584206
Francisco Ave & 85th St,41.738902,-87.695518
Columbus Ave & 83rd Pl,41.741346,-87.713696
Fairfield Ave & Pratt Blvd,42.0044482,-87.6985973
Greenwood Ave & 79th St,41.75132,-87.595982
Steelworkers Park,41.73793,-87.53091
Public Rack - Racine Ave & 109th Pl,41.694835,-87.653041
Keeler Ave & Carmen Ave,41.974323,-87.7331
Nagle Ave & Belmont Ave,41.93852,-87.78735
Lockwood Ave & Grand Ave,41.9175941,-87.7584143
Public Rack - Sawyer Ave & Lawrence Ave,41.9683,-87.709435
Washtenaw Ave & Ogden Ave,41.86193049278259,-87.69345045089722
Public Rack - Kimball Ave & Lawrence Ave,41.9679125,-87.7134353
Western Ave & 43rd St,41.81574,-87.68489
Public Rack - Menard Ave & Dakin St - midblock,41.951732,-87.772005
Lavergne Ave & Diversey Ave,41.93128,-87.75141
Major Ave & Addison St,41.9458348,-87.7691848
Orange Ave & Addison St,41.94485,-87.82423
Augusta Blvd & Laramie Ave,41.8986607,-87.7554551
Artesian Ave & Marquette Rd,41.77203,-87.684637
Eggleston Ave & 69th St,41.768898,-87.635876
Public Rack - Jeffrey Blvd & 71st St,41.766333,-87.576154
Jeffery Blvd & 76th St,41.75712006802,-87.5758393587
California Ave & Marquette Rd,41.771611,-87.693331
Oketo Ave & Addison St,41.94496,-87.81189
Cottage Grove Ave & Oakwood Blvd,41.822985,-87.6071
Public Rack - Kimbark Ave & 67th St,41.774045,-87.594322
Public Rack - Jeffery Blvd & 67th St,41.773259,-87.576664
Albany Ave & 26th St,41.844507,-87.701655
State St & 54th St,41.796642,-87.625923
Public Rack - Drake Ave & Leland Ave,41.9659853,-87.716876
Public Rack - Mango & Higgins,41.971722,-87.772288
Public Rack - Pulaski Rd & 44th St,41.8129,-87.7225
Melvina Ave & Giddings Ave,41.96648,-87.78202
Public Rack - Lockwood & Archer,41.79668,-87.75516
California Ave & 23rd Pl,41.84910969176,-87.6951398068
Shabbona Park,41.9448,-87.79932
Harlem Ave & Grace St,41.94894,-87.80683
Public Rack - S Menard & W 63rd,41.77707,-87.76664
Public Rack - May St & 78th St,41.752451,-87.652969
Public Rack - Christiana Ave & Belmont Ave,41.93917,-87.71169
Public Rack - Parkside & Archer,41.795696,-87.763475
Kildare Ave & 26th St,41.8442315,-87.7321534
Lexington St & California Ave,41.8719938,-87.6958108
Pulaski Rd & 84th St,41.740407,-87.721907
Lawndale Ave & 111th St,41.691332698,-87.712879896
Avers Ave & 16th St,41.85909,-87.72121
Stewart Ave & 123rd St,41.6706,-87.63244
Nordica Ave & Medill Ave,41.92227,-87.80202
Exchange Ave & 79th St,41.75211500633265,-87.55200700025293
Narragansett Ave & School St,41.940128,-87.7864806
Mango Ave & North Ave,41.90958,-87.7691175
Public Rack - Kostner Ave & Armitage Ave,41.917211,-87.736136
Public Rack - Pratt Ave & Odell Ave,42.0044152,-87.8110539
Public Rack - Haft Ave & Milwaukee Ave,41.9955785,-87.7863994
Narragansett Ave & North Ave,41.9095,-87.78491
Ewing Ave & 97th St,41.71982,-87.53542
Central Ave & Wellington Ave,41.934883,-87.766753
Laramie Ave & Madison St,41.880207,-87.755337
California & 16th St,41.859228,-87.695562
Public Rack - Indiana Ave & 111th St,41.692535,-87.617711
Public Rack - Keating & Peterson,41.990159,-87.747183
Public Rack - Lockwood Ave & Diversey Ave,41.931541,-87.75904
Public Rack - Northwest Hwy & Neva Ave,41.9958546,-87.8050971
Greenwood Ave & 91st St,41.728264268162725,-87.59729862213135
Public Rack - Cicero Ave & Roscoe St,41.9424235,-87.74713
Wood St & 33rd St,41.83427,-87.6706
Public Rack - Hollywood Park,41.98929,-87.71182
Lawndale Ave & 30th St,41.8389124,-87.7168955
Meade Ave & Addison St,41.94595,-87.77888
Central Ave & Harrison St,41.872993,-87.764499
Vernon Ave & 107th St,41.70012137923888,-87.61225998401642
Baltimore Ave & 133rd St,41.65349,-87.54703
Torrence Ave & 126th Pl,41.66631200825726,-87.55721569061278
Hamlin Ave & 62nd Pl,41.779953,-87.7178221
Halsted St & 56th St,41.79292964599,-87.6449900565
Commercial Ave & 130th St,41.659150427597744,-87.55076229572296
Central Park Ave & Ohio St,41.8918718,-87.7163879
Public Rack - Bernard St & Foster Ave,41.9756353,-87.7126762
Springfield Ave & North Ave,41.910158,-87.723831
Menard Ave & Lawrence Ave,41.96788,-87.77274
Public Rack - Tripp Ave & North Ave,41.90995395,-87.73271446
Mason Ave & Belmont Ave,41.9383682,-87.7725029
Kildare Ave & North Ave,41.9095392,-87.7338518
Wolcott Ave & Fargo Ave,42.016977,-87.677725
Wabash Ave & 83rd St,41.74335976225324,-87.62284398078917
Public Rack - Sawyer Ave & Bryn Mawr Ave - SE,41.9830174,-87.7096999
Public Rack - Kostner Ave & Diversey Ave,41.931803,-87.737285
Wabash Ave & 87th St,41.73655301831962,-87.62264415621758
Princeton Ave & 47th St,41.80931770924,-87.633449288
Martin Luther King Dr & 87th St,41.73677,-87.61439
Public Rack - Keystone Ave & Irving Park Rd,41.953449,-87.729635
Kildare Ave & Division St,41.902393,-87.733598
Public Rack - Milwaukee Ave & Warner Ave,41.9562591,-87.7507656
Mason Ave & Grand Ave,41.9204347,-87.7743901
Kedzie Ave & 110th St,41.69239474587557,-87.70096063613892
S Michigan Ave & E 118th St,41.679804,-87.620843
Artesian Ave & 55th St,41.79402,-87.68577
Western Ave & 104th St,41.70458710218908,-87.68120348453522
Vincennes Ave & 104th St,41.70492556499764,-87.65686810958869
Commercial Ave & 90th St,41.73198,-87.55107
Rockwell St & 57th St,41.79031,-87.68888
Clyde Ave & 87th St,41.73715146431056,-87.57274031639099
Harding Ave & 31st St,41.83672,-87.72303
Monticello Ave & Chicago Ave,41.8952089,-87.7174329
Sacramento Ave & 51st St,41.80068,-87.69895
Harding Ave & 26th St,41.844218,-87.723347
Public Rack - Normandy Ave & Archer Ave,41.7923026,-87.7887886
Lamon Ave & Chicago Ave,41.8950179,-87.7484986
Ashland Ave & Garfield Blvd,41.792822,-87.664429
Public Rack - Milwaukee Ave & Pensacola Ave,41.9595108,-87.7533958
Millard Ave & 26th St,41.84453112462163,-87.71592199802399
La Villita Park,41.83925,-87.70202
Public Rack - Prairie Ave & 47th St ,41.809497,-87.618997
Public Rack - Kilpatrick & Elston,41.970024,-87.74341
Knox Ave & Marquette Ave,41.77114,-87.73774
Summit Ave & 86th St,41.73784847673341,-87.64489978551863
Lawler Ave & North Ave,41.9091754,-87.7522545
Baltimore Ave & 87th St,41.73733560041666,-87.54851460456847
Pine Ave & Division St,41.9018636,-87.7638197
Campbell Ave & 51st St,41.80094,-87.68676
Public Rack - Pullman - Walmart,41.69696,-87.59829
Western Ave & Lake St,41.884606,-87.685853
Oconto Ave & Belmont Ave,41.93783,-87.80788
Kedzie Ave & Harrison St,41.87359967462,-87.7048707493
Morgan St & Pershing Rd,41.823613,-87.650931
Leclaire Ave & Belmont Ave,41.939041,-87.754197
Public Rack - Nashotah & Northwest Hwy,41.988141,-87.791447
Public Rack - California Ave & Devon Ave - NW,41.998481,-87.69985
Albany Ave & 16th St,41.85936,-87.70302
Cicero Ave & Flournoy St,41.872131,-87.746619
Cicero Ave & Wrightwood Ave,41.9279057,-87.7467295
Princeton Ave & 95th St,41.72175,-87.63075
Pershing Rd & Sacramento Ave,41.8223772681012,-87.69975413003766
Eberhart Ave & 91st St,41.729285157254864,-87.6110315322876
Public Rack - Leclaire Ave & Division St,41.90205,-87.75305
Pulaski Rd & 60th St,41.784186,-87.722564
Ashland Ave & McDowell Ave,41.809719,-87.663477
Public Rack - Pulaski Rd & Armitage Ave,41.91702,-87.727096
Marquette Ave & 89th St,41.73366879071472,-87.55834221839905
Kildare Ave & Archer Ave,41.80034,-87.73079
Kilbourn Ave & 49th St,41.80385,-87.73566
Homan Ave & Arthington Ave,41.86963,-87.71055
Throop St & 99th St,41.71414,-87.6547
S Wentworth Ave & W 111th St,41.6926176,-87.6280518
Damen Ave & 77th St,41.75420305676257,-87.67322449999999
Pulaski Rd & Congress Pkwy,41.87441021003816,-87.72609159350395
Michigan Ave & 105th St,41.70346,-87.62037
Cicero Ave & Lake St,41.886841,-87.745261
Shields Ave & 43rd St,41.81620767856,-87.6348193497
Spaulding Ave & 63rd,41.7791655,-87.7056392
Stewart Ave & 63rd St,41.779835,-87.634774
Commercial Ave & 83rd St,41.744615,-87.551208
Pulaski Rd & 54th St,41.79499,-87.72361
Public Rack - Melvina & Foster,41.975596,-87.783484
Public Rack - Forest Glen Station ,41.97871,-87.75552
Public Rack - Leamington & Elston,41.977894,-87.756315
Burley Ave & 91st St,41.73054,-87.54558
Wallace St & Pershing Rd,41.82339,-87.64118
Kildare Ave & 47th St,41.80762,-87.73084
Halsted St & 93rd St,41.72489,-87.64358
Lawler Ave & 50th St,41.80217,-87.74894
Kedzie Ave & Jackson Blvd,41.877161,-87.706134
Public Rack - Milwaukee Ave & School St,41.940648,-87.726087
Pulaski Rd & 60th Pl,41.78315,-87.72257
Vincennes Ave & 107th St,41.69922,-87.65869
Halsted St & 111th St,41.69226255589166,-87.64261186122894
Public Rack - Irving Park Rd & Melvina Ave,41.952869,-87.780728
State St & 111th St,41.69251,-87.62287
Public Rack - Melvina Ave & Belmont Ave,41.9384207,-87.7813896
Public Rack - Austin Branch Chicago Public Library,41.889161,-87.765738
Public Rack - Rockwell & Division,41.90282,-87.692397
Public Rack - Lavergne Ave & Belle Plaine Ave,41.9553079,-87.7517878
Public Rack - Mozart Elementary School,41.921325,-87.722375
Yates Blvd & 75th St,41.758768,-87.56644
Public Rack - Mobile Ave & Archer Ave,41.7929013,-87.7802444
Fullerton & Monitor,41.9237918,-87.7723116
Kostner Ave & Lake St,41.885928,-87.73541
Central Ave & Madison St,41.880121,-87.763238
Long Ave & North Ave,41.9092147,-87.7609189
Harding Ave & Division St,41.9023453,-87.7250744
Chicago State University,41.71896342165455,-87.60829567909241
Burnham Greenway & 105th St,41.7045750872071,-87.52823173999786
Ellis Ave & 83rd St,41.744123,-87.599034
Hoyne Ave & 34th St,41.8320245,-87.6778387
Public Rack - Sayer & Northwest Hwy,41.99434,-87.802532
Menard Ave & Milwaukee Ave,41.98139,-87.77331
Public Rack - Komensky Ave & 59th St,41.786049,-87.723645
Halsted St & 69th St,41.76906172032,-87.6446135779
Indiana Ave & 40th St,41.82168,-87.6216
Public Rack - Monticello Ave & Belmont Ave,41.939472,-87.718423
Stony Island Ave & 90th St,41.73139494330236,-87.58574366569519
Public Rack - Christiana Ave & Bryn Mawr Ave,41.982838,-87.71233
Vincennes Ave & 95th St,41.72126,-87.65005
Halsted St & 96th St,41.71971218361882,-87.6430195569992
Washtenaw Ave & Polk St,41.8711028,-87.693683
Public Rack - Cumberland & Catherine,41.977363,-87.836748
Public Rack - Oak Park Ave & Foster Ave,41.9746022,-87.8119558
Roscoe & Harlem,41.9416062,-87.8072964
Public Rack - Natoma Ave & Bryn Mawr Ave,41.982886,-87.790461
MLK Jr Dr & 56th St,41.79342945658,-87.6158532619
Public Rack - California Ave & Devon Ave - NE,41.99826,-87.699481
Cottage Grove Ave & 71st St,41.76571903697,-87.604959713
Public Rack - Cicero Ave & Cortland St - midblock,41.91582,-87.746074
Western Ave & Ardmore Ave,41.9867636,-87.6898796
Lavergne Ave & Division St,41.9021077,-87.7508698
Public Rack - Avers Ave & Irving Park Rd,41.953789,-87.724161
Cottage Grove Ave & 78th St,41.753174,-87.605026
Public Rack - Nordica & Archer,41.792212,-87.797662
Public Rack - Karlov Ave & Milwaukee Ave,41.942702,-87.730011
Public Rack - Laramie Ave & Warwick Ave,41.948812,-87.75713
Eberhart Ave & 61st St,41.784071072761,-87.61448353528975
Constance Ave & 95th St,41.72229074095262,-87.57896840572357
Homewood Ave & 115th St,41.68459507202618,-87.67070800065994
California Ave & 36th St,41.828098,-87.694684
Paulina Ave & 87th St,41.735629,-87.66552
Central Park Blvd & 5th Ave,41.875679,-87.71547
Public Rack - Ewing Ave & Indianapolis Ave,41.712353,-87.53545
Public Rack - Justine St & 87th St,41.736019,-87.66243
Oglesby Ave & 100th St,41.71339748442245,-87.56584167480469
Public Rack - Western Ave & 92nd Pl,41.725538,-87.681968
Oak Park & Wellington,41.934586,-87.7959613
Kedzie Ave & Roosevelt Rd,41.86649278172,-87.7064961757
Shields Ave & 57th St,41.79076,-87.6345
Kedzie Ave & 38th St,41.8235109,-87.7041017
Public Rack - Evans Ave & 63rd St,41.780506,-87.607519
Public Rack - Bryn Mawr Ave & Milwaukee Ave,41.982934,-87.774434
Hamilton Park,41.76252,-87.63734
Halsted St & 78th St,41.75248701249013,-87.6439021574879
Dan Ryan Woods & 83rd St,41.742805,-87.680177
Kedzie Ave & 73rd St,41.760703,-87.702292
Public Rack - 85th Pl & Pulaski Rd,41.737389,-87.721334
Kenneth Ave & 50th St,41.8023156,-87.7344142
Damen Ave & 81st St,41.746534,-87.673055
State St & 45th St,41.81313,-87.62585
Meade Ave & Diversey Ave,41.93086,-87.77845
Public Rack - Halsted St & 63rd St,41.779945,-87.641378
Public Rack - State ST & 42nd St,41.819067,-87.626417
Cicero Ave & Wellington Ave,41.93515,-87.74636
State St & Pershing Rd,41.82301523798,-87.6265680185
Central Park & Augusta Blvd,41.8989108,-87.7164901
Public Rack - Karlov Ave & Kamerling Ave,41.905621,-87.728636
Lawndale Ave & 16th St,41.8591606,-87.7176965
Public Rack - Fullerton Ave & Narragansett Ave,41.923739,-87.785835
Kildare Ave & Chicago Ave,41.8954357,-87.7334818
Public Rack - Cicero Ave & North Ave,41.909329,-87.745838
Public Rack - Milwaukee Ave & Haussen Ct,41.937752,-87.721623
Commercial Ave & 100th St,41.71331739547703,-87.55109757184982
Racine Ave & 65th St,41.775393,-87.654308
Phillips Ave & 79th St,41.75182,-87.565211
Public Rack - Lorel Ave & Grand Ave,41.9176685,-87.7595531
Mason Ave & Montrose Ave,41.96056,-87.77588
Virginia Ave & Catalpa Ave,41.9812456,-87.7048924
Public Rack - Karlov Ave & Lawrence Ave,41.9683053,-87.7300646
Public Rack - Western Ave & Jarvis Ave,42.016398,-87.690376
Major Ave & Bloomingdale Ave,41.9125923,-87.7686995
Doty Ave & 111th St,41.69501044938143,-87.59871482849121
Public Rack - King Dr & 115th St,41.685239,-87.613418
Public Rack - Linder Ave & Archer Ave,41.796005,-87.759575
Public Rack - California Ave & Cortez St,41.900105,-87.696817
Public Rack - Olmstead Ave & Oliphant Ave,42.0023112,-87.8170946
Overhill Ave & Belmont Ave,41.93799,-87.81915
Cottage Grove Ave & 111th Pl,41.69170975847015,-87.61000156402588
Public Rack - Christiana Ave & Lawrence Ave,41.968547,-87.712582
Public Rack - Pullman Community Center,41.70428,-87.59313
Maplewood Ave & 59th St,41.7863375,-87.6874351
Public Rack - Winona St & Elston Ave,41.9743427,-87.7503874
Halsted St & 59th St,41.787539,-87.644874
Wentworth Ave & 92nd St,41.72714,-87.62886
Public Rack - Peterson Park,41.97871,-87.75552
Public Rack - Lowell Ave & Elston Ave,41.96614,-87.737
Cicero Ave & Quincy St,41.877613,-87.745405
Public Rack - Kedzie Ave & Chicago Ave,41.89556,-87.70641
Cumberland Ave & Catherine Ave,41.97732,-87.83674
W 103rd St & S Avers Ave,41.705846,-87.717074
California Ave & 71st St,41.764748,-87.693121
Public Rack - Harlem & Palatine,41.995502,-87.806967
Public Rack - Hamlin Ave & Chicago Ave,41.895201,-87.721541
Rainbow - Beach,41.75787144829,-87.54938625
Public Rack - Cicero Ave & Belle Plaine Ave,41.955625,-87.747517
Public Rack - Troy & 111th St,41.691373,-87.700281
Wentworth Ave & 107th St,41.69989,-87.62785
Public Rack - S. Kilpatrick and W. 79th,41.7493,-87.73958
Public Rack - Prairie Ave & Garfield Blvd N,41.79480875,-87.61890696
Homan Ave & 65th St,41.775144,-87.708129
Public Rack - Throop St & 58th St,41.788541,-87.65621
Public Rack - Exchange Ave & 73rd Pl,41.76261263,-87.56381871
Public Rack - Kostner Ave & Wrightwood Ave,41.92786,-87.735756
Racine Ave & 115th St,41.68476,-87.65196
Rockwell St & 47th St,41.80853,-87.68942
Public Rack - Midway Orange Line,41.785894,-87.738031
Long Ave & Belden Ave,41.9227049,-87.760954
Public Rack - 111th St - Morgan Park Metra,41.692738,-87.670569
Public Rack - Osceola Ave & Touhy Ave,42.0119181,-87.8126378
Lamon Ave & 47th St,41.80781,-87.74569
Public Rack - Nagel & Higgins,41.976312,-87.78764
Public Rack - Greenwood Ave & Lake Park Ave,41.817372,-87.599576
Sacramento Ave & 25th St,41.846506,-87.700139
Public Rack - Northwest Hwy & Bryn Mawr,41.983008,-87.782634
Public Rack - Western Ave & Devon Ave,41.997579,-87.689713
Halsted St & 73rd St,41.76160543804394,-87.64416097666071
Avenue O & 134th St,41.6519026853208,-87.53955539376464
Public Rack - Springfield Ave & Lawrence Ave,41.9683986,-87.7256873
Lavergne Ave & 46th St,41.80934,-87.7478312
Public Rack - Milwaukee Ave & Catalpa Ave,41.9772313,-87.7689731
St. Louis & 71st St,41.764354,-87.710121
Public Rack - Kedzie Ave & Walnut St,41.885891,-87.706425
Public Rack - Brandon Ave & 91st St,41.730218,-87.546758
Public Rack - Lynch & Elston,41.980931,-87.761302
Damen Ave & 74th St,41.75927403933122,-87.67363429069519
Marshfield Ave & 59th St,41.786833,-87.666215
Public Rack - Minnehaha Ave & Devon Ave,41.997456,-87.7619125
Public Rack - Kildare Ave & North Ave,41.909866,-87.73399
Halsted St & 104th St,41.70513978893236,-87.6424241065979
Public Rack - Walden Pkwy & 103rd St,41.706205,-87.668965
Public Rack - Menard Ave & Agusta Blvd,41.898333,-87.770501
Public Rack - Odell & Talcott,41.98731,-87.81023
Ada St & 113th Place,41.68759,-87.65541
Laflin St & 115th St,41.68499,-87.65991
Public Rack - Peterson Ave & Milwaukee Ave,41.989826,-87.780929
Kostner Ave & Adams St,41.877917,-87.735737
Public Rack - Central Park & Peterson,41.990093,-87.718753
Public Rack - Irving Park Rd & Leclaire Ave,41.953418,-87.754841
Public Rack - Central Ave & Lawrence Ave,41.9678641,-87.7675931
Public Rack - Woodlawn Ave & 63rd St S,41.779484,-87.596028
Racine Ave & Garfield Blvd,41.794228,-87.655073
Racine Ave & 61st St,41.783189,-87.654372
California Ave & 41st St,41.81867,-87.69441
Dauphin Ave & 87th St,41.73648,-87.601252
Woodlawn & 103rd,41.707338,-87.59399
Public Rack - Peterson Ave & Drake Ave,41.990119,-87.717337
Public Rack - Lawrence Ave & 103rd St,41.707665,-87.608695
Public Rack - Pullman - Ross Dress for Less,41.69868,-87.597
South Chicago Ave & 83rd St,41.743921,-87.575225
Racine Ave & 57th St,41.789696880483376,-87.65469789505005
Wood St & 84th St,41.741192,-87.668106
Kedzie Ave & 104th St,41.7037764,-87.7013952
Springfield Ave & 71st St,41.764484,-87.720028
Kedzie Ave & 83rd St,41.742523,-87.702279
Elston Ave & Carmen Ave,41.97354,-87.74955
South Chicago Ave & Elliot Ave,41.747363,-87.580046
Halsted St & 83rd St,41.74307,-87.6437
Kildare Ave & 85th St (Kostner Ave & 87th St TEMPORARY),41.734929,-87.731187
Elizabeth St & 92nd St,41.72679896370119,-87.65429019927979
Manistee Ave & 95th St,41.7226,-87.55692
Public Rack - Foster Ave & Drake Ave,41.975563,-87.717352
East End Ave & 87th St,41.73681521440671,-87.58280128240585
Phillips Ave & 83rd St,41.744531,-87.56506
Pulaski Rd & Lake St,41.885409,-87.726491
Wellington Ave & Mulligan Ave,41.93473,-87.78436
Public Rack - Parkside & Elston,41.985467,-87.769583
Springfield Ave & 80th St,41.74763,-87.71945
Dauphin Ave & 103rd St,41.7072503677818,-87.60766267776489
Calumet Park,41.71370983035615,-87.53084421157837
Damen Ave & 59th St,41.785861065132,-87.67414391040802
Plainfield & Irving Park,41.952037,-87.833283
Public Rack - Austin Blvd & North Ave,41.909358025,-87.775770426
Olive Harvey College,41.70958113526255,-87.59023368358612
Bennett Ave & 79th St,41.751785,-87.578496
Oriole Ave & Irving Park Rd,41.95224,-87.81697
Vincennes Ave & 79th St,41.7506,-87.63409
Central Park Ave & 66th St,41.773258,-87.713143
Eggleston Ave & 115th St,41.68507,-87.63361
Pulaski Rd & 68th St,41.76949,-87.72292
Public Rack - Richard Daley College,41.75486,-87.72364
Homan Ave & 77th St,41.75374,-87.70751
Halsted St & 123rd St,41.67096,-87.64154
Panama Ave & Grace St,41.94766,-87.82925
Loomis Blvd & 84th St,41.74148652861805,-87.65841007232666
Public Rack - Talman Ave & 51st St,41.800908,-87.690802
Public Rack - Corliss Ave & 103rd St,41.707622,-87.60355
Public Rack - Cottage Grove Ave & 111th St,41.692645,-87.609758
Torrence Ave & 106th St,41.70280085022591,-87.55972623825073
Homan Ave & 26th St,41.84425,-87.70983
Calumet Ave & 71st St,41.76550800581,-87.616917925
Francisco Ave & Hollywood Ave,41.984746,-87.701593
Public Rack - Peterson Ave & Bernard Ave,41.990234,-87.715634
Public Rack - Spaulding Ave & Foster Ave,41.975921,-87.710415
Troy St & Jackson Blvd,41.877505,-87.70485
Yates Blvd & 93rd St,41.72616639024511,-87.5662761926651
Scottsdale Park,41.741966,-87.736179
Austin Ave & Milwaukee Ave,41.98736,-87.77805
Mozart St & 79th St,41.749702,-87.693917
Martin Luther King Dr & 111th St,41.69263895647179,-87.61367386484747
Public Rack - Kedzie Ave & 58th St,41.788263,-87.703576
Wentworth Ave & 104th St,41.705307996998194,-87.62921690940857
Indiana Ave & 133rd St,41.6538,-87.61719
Public Rack - Commercial Ave & 89th St,41.733543,-87.551152
Public Rack - Washington Park Ct & 51st St,41.8021917,-87.6151444
Western Ave & 81st St,41.746426,-87.683123
Kenton Ave & Madison St,41.88042,-87.74108
Public Rack - Kimball Ave & Carmen Ave,41.973896,-87.713297
Public Rack - Damen Ave & 47th St,41.808884,-87.67513
May St & 69th St,41.768938,-87.652934
Laramie Ave & Addison St,41.9456842,-87.7569344
Kildare Ave & 55th St,41.79332,-87.73059
Public Rack - Milwaukee Ave & Addison St,41.94651,-87.735721
Public Rack - Avondale Ave & Addison St,41.94655,-87.719827
Public Rack - Richmond St & Thorndale Ave,41.988931,-87.702785
Columbus Ave & 79th St,41.749119,-87.704263
Public Rack - Kimball & Ardmore,41.987024,-87.71397
Public Rack - Kenton Ave & Palmer St,41.9206781,-87.7419523
Public Rack - Whipple St & 63rd St,41.77888,-87.699811
Public Rack - Pulaski Rd & Fullerton Ave,41.924618,-87.727398
Public Rack - Trumbull Ave & 111th St,41.691596,-87.707397
Tripp Ave & 31st St,41.836966,-87.730502
Public Rack - Rutherford Ave & Belmont Ave,41.938315,-87.793848
Public Rack - Cottage Grove Ave & 92nd St,41.727319,-87.604787
Public Rack - Laflin St & 51st St,41.801354,-87.662076
Public Rack - Pullman - Planet Fitness,41.69782,-87.59779
Damen Ave & 33rd St,41.834108,-87.67559
Public Rack - Halsted St & 95th St - SE,41.721004,-87.643031
Public Rack - Sacramento Ave & Devon Ave,41.997575,-87.704649
Rhodes Ave & 71st St,41.766,-87.611726
Carpenter St & 63rd St,41.77987,-87.650919
Public Rack - Lawndale Ave & 23rd St,41.849956,-87.716712
Wood St & Milwaukee Ave*,41.907655,-87.672552
Franklin St & Chicago Ave*,41.89679,-87.63564
Public Rack - Wentworth Ave & 79th St,41.750712,-87.629949
Public Rack - Sawyer Ave & Chicago Ave,41.8954597,-87.7080933
Southport Ave & Waveland Ave*,41.948226,-87.6640712
Public Rack - Neola & Northwest Hwy,41.990327,-87.795356
Halsted St & Dickens Ave*,41.919936,-87.64883
Keeler Ave & Roosevelt Rd,41.866402,-87.7300171
Southport Ave & Wrightwood Ave*,41.928773,-87.663913
Archer & Wentworth,41.8546868,-87.6308531
Kedzie Ave & 38th Pl,41.8235109,-87.7041017
Public Rack - Kostner Ave & North Ave,41.908816,-87.736463
Public Rack - West Chatham Park,41.745834,-87.631562
Public Rack - Lawrence Ave & Kimball Ave,41.968277,-87.712629
Higgins Ave & Austin Ave,41.97342,-87.77865
Eberhart Ave & 131st St,41.658413151101065,-87.61071089698817
Milwaukee Ave & Wabansia Ave*,41.912616,-87.681391
Sheffield Ave & Fullerton Ave*,41.9256163,-87.6536574
Loomis St & Lexington St*,41.87222873224032,-87.66136385500431
Burling St & Diversey Pkwy*,41.93314,-87.64776
Indiana Ave & 103rd St,41.70717027117756,-87.6184719800949
Sedgwick St & North Ave*,41.910983,-87.638525
Public Rack - Halsted St & 80th St,41.748175,-87.644238
Public Rack - Kedzie Ave & 54th St - SE,41.794326,-87.703471
Public Rack - Marshfield Ave & 87th St,41.735527,-87.663867
Menard Ave & North Ave,41.9097167,-87.7702037
Public Rack - Roswell B. Mason Elementary School,41.8560219,-87.7298436
Public Rack - Higgins Ave & Neva Ave,41.980602,-87.8060476
Public Rack - Pulaski Rd & Flournoy St,41.8724252,-87.7253448
Public Rack - Aida Food Market,41.749896,-87.643693
Public Rack - Lafayette Ave & 87th St - NW,41.736354,-87.626741
Public Rack - Langley Ave & 105th Pl,41.702472,-87.606477
Public Rack - Kinzua Ave & Devon Ave,41.9979207,-87.7653719
Public Rack - Wabash Ave & 87th St,41.736063,-87.622952
Newcastle Ave & Irving Park Rd,41.95256,-87.79755
S Aberdeen St & W 106th St,41.701217,-87.649345
Whipple St & Roosevelt Rd,41.866554,-87.701329
Public Rack - N. Oakview and W. Gregory St,41.9801,-87.84396
State St & 123rd St,41.67064383687979,-87.62258648872375
Public Rack - Calumet Ave & 103rd St,41.707061,-87.615309
Ewing Ave & 98th St,41.71781,-87.53504
Damen Ave & 51st St,41.800908,-87.674684
Avenue O & 118th St,41.68100145911039,-87.5379312226869
Public Rack - Eberhart Ave & 61st St,41.783745,-87.612919
State St & 127th St,41.66388,-87.622
Public Rack - Ozanam Ave & Devon Ave,41.9969968,-87.8213419
Public Rack - Ottowa Ave & Touhy Ave,42.0114922,-87.8182017
Lavergne Ave & 44th St,41.81311,-87.74869
Central Park Ave & Douglas Blvd,41.86235,-87.71587
Public Rack - Leader & Caldwell,41.991496,-87.754447
Public Rack - Komensky Ave & 26th St,41.844168,-87.726317
Public Rack - Tuley (Murray) Park,41.73034,-87.611734
Public Rack - Holbrook St & Milwaukee Ave,41.992273,-87.783303
Public Rack - Laflin St &51st ST,41.801354,-87.662076
Public Rack - Kingston Ave & 75th St,41.758905,-87.562188
Parnell Ave & 127th St,41.66338,-87.63429
Public Rack - Milwaukee Ave & Culyer Ave,41.9546801,-87.7494235
Public Rack - Brooks Park,42.0044152,-87.8070628
Halsted St & 119th St,41.67764,-87.64174
Public Rack - Linder Ave & Belmont Ave,41.938743,-87.763298
Public Rack - Christiana Ave & 55th St,41.793307,-87.707702
Major Taylor Trail & 124th St,41.66869635332246,-87.63711333274841
Sheffield Ave & Kingsbury St*,41.910522,-87.653106
Throop St & 52nd St,41.799659,-87.657195
Public Rack - Oketo & Northwest Hwy,42.000333,-87.812447
Public Rack - Plainfield Ave & Irving Park Rd,41.952133,-87.833817
Western Ave & 62nd St,41.780985,-87.6834204
Public Rack - Prairie Ave & 85th St,41.739986,-87.617645
Altgeld Gardens,41.65666552967373,-87.59880065917969
Public Rack - Octavia Ave & Touhy Ave,42.01173846,-87.80832137
Public Rack - Kenton & Lawrence,41.967989,-87.743049
Public Rack - Keystone Ave & North Ave,41.909623,-87.727951
Public Rack - Miami Ave & Milwaukee Ave,41.991473,-87.782085
Big Marsh Park,41.68587705562333,-87.57382392883301
Public Rack - California & 87th,41.73569,-87.692172
Public Rack - Harlem & Summerdale,41.977855563,-87.806785703
Public Rack - Cottage Grove Ave & 91st St,41.72951,-87.603739
Public Rack - Pulaski & Ardmore,41.985575676,-87.728434563
Edgebrook Metra,41.99751,-87.76539
Public Rack - Kilbourn Ave & Fullerton Ave,41.924447,-87.73998
Public Rack - Ellis Ave & Doty Ave,41.659119,-87.597052
Public Rack - Cottage Grove Ave & 89th Pl,41.731767,-87.604899
Public Rack - Delphina & Foster,41.9736,-87.841098
Public Rack - Parkside & 63rd,41.778132,-87.763036
Public Rack - Grand Ave & North Ave,41.909614,-87.734722
Karlov Ave & Madison St,41.88085,-87.727907
Public Rack - Hiawatha & Mendota,42.00699,-87.778007
Public Rack - 63rd St & Meade Ave,41.778672,-87.7748374
Public Rack - Kedvale Ave & Peterson Ave,41.9902168,-87.7323063
Public Rack - Walden Pkwy & 99th St,41.71397,-87.667798
Avenue L & 114th St,41.6881169,-87.5365497
Public Rack - Laramie Ave & Grand Ave,41.917002,-87.755972
Public Rack - Kildare Ave & Division Ave,41.902405,-87.732699
Public Rack - Laramine Ave & Winnemac Ave,41.9718249,-87.7575623
Public Rack - Langley Ave & 79th St,41.751103,-87.607432
Public Rack - Nordica Ave & Higgins Ave,41.98012149,-87.80211339
Public Rack - Menard Ave & Belmont Ave,41.9384526,-87.7711009
Public Rack - Lotus Ave & Lawrence Ave,41.967701674,-87.763666511
Milwaukee Ave & Highland Ave,41.99636,-87.78674
Homan Ave & Fillmore St,41.868114,-87.7109257
Public Rack - Chappel Ave & 71st St,41.766366,-87.575287
California Ave & 29th St,41.840222,-87.694129
Public Rack - Michigan Ave & 67th St,41.772068,-87.621686
Public Rack - Emil G Hirch Metropolitan High School,41.754442,-87.601745
Public Rack - Pulaski & 84th,41.739387,-87.721373
Public Rack - Central & Leland,41.965408,-87.767339
Public Rack - Loomis Blvd & 47th St,41.808746,-87.66026
Public Rack - Homan & 79th,41.749855,-87.707507
Hyacinth Ave & Milwaukee Ave,41.99282,-87.78377
Public Rack - Lafayette Ave & 87th St SW,41.736223,-87.626737
Marmora Ave & Belmont Ave,41.9382897,-87.7737692
Public Rack - Irving Park Rd & Austin Ave,41.953139,-87.777118
Public Rack - Springfield & 71st,41.764196,-87.720111
Public Rack - Keef Ave & South Chicago Ave,41.7707,-87.611706
Public Rack - Prairie Ave & 78th St,41.752229,-87.617995
Public Rack - Longwood Dr & 95th St,41.720921,-87.669585
Public Rack - Ada St & 119th St,41.677326,-87.654473
Public Rack - Maryland Ave & 87th ST,41.736995,-87.603968
Public Rack - Martin Luther King Dr & 69th St,41.769234,-87.615206
Public Rack - Wood St & 47th St,41.80864,-87.669974
Public Rack - Division St & Christiana Ave,41.90254,-87.71085
Public Rack - Western & 74th,41.759297,-87.683342
Public Rack - Peoria St & 60th St,41.784872,-87.647482
Public Rack - Kostner & Peterson,41.98993,-87.737967
Public Rack - Al Raby School,41.886167,-87.714711
Public Rack - Austin & 62nd,41.77966,-87.771414
Public Rack - Ford City Mall,41.757154,-87.741409
Public Rack - Menard Ave & Adams Blvd,41.877684,-87.769356
Public Rack - Kedzie Ave & Archer Ave,41.81359,-87.70478
Public Rack - Sacramento & 71st,41.764396,-87.698106
Public Rack - Minuteman Park,41.785333,-87.7626015
Public Rack - Kostner & 83rd,41.742067,-87.731554
Public Rack - 61st St & Melvina Ave,41.780658,-87.776651
Public Rack - Rockwell Ave & 71st St,41.764753,-87.688641
Tripp Ave & 15th St,41.86077,-87.73136
Albany Ave & Douglas Blvd,41.8631643,-87.7030815
Public Rack - Ewing Ave & 106th St NW,41.70287,-87.535861
Public Rack - Jeffery Blvd & 83rd St,41.744345,-87.575043
Public Rack - Natoma Ave & 61st St,41.780936,-87.787643
Public Rack - 63rd St and Natoma Ave,41.777927,-87.7875789
Public Rack - Normal Blvd & 61st Pl,41.782314,-87.637358
Public Rack - Marquette Rd & 67th St,41.773095,-87.612886
Public Rack - Pulaski & Rosemont,41.995191,-87.728989
Public Rack - Michigan Ave & 107th St,41.699493766,-87.621014357
NEW HASTINGS ,41.863605,-87.679764
Public Rack - Eli Whitney Public School,41.840249,-87.725472
Public Rack - Marshfield Ave & 45th St,41.812343,-87.666239
Central & Elston,41.9855,-87.7682
Public Rack - Austin Ave & Roscoe St,41.942203879,-87.776538372
Public Rack - Kedzie Ave & Pershing Rd,41.822897,-87.704154
Public Rack - Kedzie Ave & 64th St - SE,41.776985,-87.702916
Public Rack - 63rd St and Nagle Ave,41.777609348,-87.782212734
Public Rack - Western Ave & 118th St,41.678349,-87.680919
Public Rack - Leoti Ave & Central Ave (north),41.998262,-87.763663
Public Rack - Kedvale Ave & 63rd St E,41.778768,-87.725957
Public Rack - Bryn Mawr Ave & Spaulding Ave,41.983114839,-87.711593747
Public Rack - Western Ave & 100th St,41.711666,-87.681963
Public Rack - Mont Clare Ave & Higgins Ave,41.980602,-87.804963
Public Rack - Milwaukee Ave & Leland Ave,41.9661124,-87.7593376
Public Rack - Cottage Grove Ave & 87th St,41.736448,-87.60616
Public Rack - Pulaski & 52nd,41.797244,-87.723377
Public Rack - 10101 S Stony Island Ave,41.70838,-87.581455
Public Rack - Elston Ave & Gunnison St,41.9685781,-87.7405685
Public Rack - Cottage Grove & 85th St,41.740086,-87.604743
Public Rack - S. New England/ W. 65th,41.77391,-87.79348
Public Rack - Oak Park & Higgins,41.978888,-87.796235
Public Rack - Mulligan & Northwest Hwy,41.985317,-87.786721
Sacramento Blvd & Polk St,41.870959,-87.700259
Public Rack - Lafayette Ave & 119th St,41.678099394,-87.623452425
Greenwood Ave & 97th St,41.71870315475741,-87.59703576564789
Public Rack - Oglesby Ave & 95th St,41.722484,-87.565738
Public Rack - Champlain Ave & 134th St,41.657379,-87.606444
Public Rack - St Louis Ave & Berteau Ave,41.958373,-87.715685
Public Rack - Ingleside Ave & 79th St,41.751448,-87.601136
Public Rack - California & 82nd,41.745283,-87.692588
Public Rack - Emerald Ave & 43rd St,41.81643,-87.644754
Steelworkers Park (Updated),41.737948,-87.530836
Public Rack - Kedzie & 71st,41.764315,-87.703028
Public Rack - Ellis Ave & 132nd Pl,41.655139,-87.597597
Public Rack - Burnside Academy,41.728525,-87.608231
Public Rack - Pulaski Rd & 65th St,41.773551,-87.722805
Public Rack - Milwaukee Ave & Waveland Ave,41.947472,-87.737875
Public Rack - 82nd st & Kedzie Ave,41.743336,-87.702362
Public Rack - Calumet Ave & 51st St,41.802221,-87.618457
Public Rack - Wrightwood Metra Station,41.74891,-87.7037
Public Rack - Martin Luther King Dr & 44th St,41.814445,-87.616265
Public Rack - Ashland Ave & 63rd St,41.779127,-87.664039
Narragansett Ave & McLean Ave,41.9159,-87.78511
Public Rack - Greenwood Ave & 87th St,41.736263,-87.596634
Public Rack - Central Ave & Pensacola Ave,41.9600246,-87.7671371
Public Rack - Western & 83rd,41.74385,-87.682864
Public Rack - St Louis & 83rd,41.742321,-87.70967
Public Rack - Milwaukee Ave & Sunnyside Ave,41.962583065,-87.756101251
Public Rack - Hamilton Park,41.76335,-87.637499
Public Rack - Kedzie Ave & 83rd St,41.7432437,-87.7021237
Public Rack - Langley Ave & 87th St,41.735828,-87.606981
Public Rack - Chase Ave & Touhy Ave - NW,42.014271,-87.690408
Public Rack - Cicero & 64th,41.77643,-87.742389
Public Rack - Norwood Park Station ,41.9919,-87.79916
Public Rack - Claremont Ave & 71st St,41.764585,-87.682253
Public Rack - Eberhart Ave & 131st St,41.65759,-87.610713
Public Rack - St Louis & Columbus,41.745416,-87.70894
Public Rack - Springfield & 79th,41.749649,-87.721001
Public Rack - Oakley & 79th Pl,41.749095,-87.679637
Public Rack - 63rd Pl & Narraganssett Ave,41.7765858,-87.7820753
Public Rack - Pulaski Rd & 85th St,41.7381,-87.721721
Public Rack - Pulaski & 74th,41.757262,-87.722366
Public Rack - Linder Ave & 64th Pl,41.775524,-87.757972
Public Rack - Spaulding Ave & 71st St,41.7645054,-87.7064722
Public Rack - Corliss Ave & 133rd St,41.653138,-87.601057
Public Rack - Hamlin & 72nd,41.762566,-87.717515
Public Rack - Pulaski Rd & 40th St,41.81864,-87.72428
Franklin St & Adams St ,41.87943409140013,-87.63550400733948
Public Rack - Avenue M & 132nd St,41.655692,-87.537595
Karlov Ave & Fillmore St,41.86815,-87.7276
Wells St & Randolph St Corral,41.88438,-87.63396
Public Rack - Cicero & Rosemont,41.995567,-87.74864
Public Rack - Cornell Ave & 87th Pl,41.73688127,-87.58314552
Franklin St & Adams St Corral,41.87942,-87.63558
Franklin St & Monroe St Corral,41.88056,-87.63524
Public Rack - Ewing Ave & 99th St,41.7159614,-87.5351111
Wacker Dr & Washington St Corral,41.88316,-87.63736
Public Rack - Norwood Park,41.986604,-87.79394
Public Rack - Spaulding Ave & Bryn Mawr Ave,41.982964,-87.711441
Public Rack - Baltimore Ave & 132nd St,41.655201,-87.546942
Public Rack - Buffalo Ave & 133rd St,41.65428,-87.543539
LaSalle St & Adams St Corral,41.87938,-87.63208
Ave L & 114th,41.68803,-87.53641
LaSalle St & Jackson Blvd Corral,41.87816,-87.63204
Public Rack - Exchange Ave & 131st St,41.65717,-87.552594
Public Rack - Lawndale Ave & Polk St,41.8707651,-87.7183735
Public Rack - Oketo & Talcott,41.988596,-87.812525
Public Rack - Loomis St & 87th St,41.735465,-87.657585
Public Rack - Talman Ave & Pershing Rd,41.822592,-87.690725
Public Rack - Ewing Ave & 107th St,41.700378,-87.535276
Public Rack - 532 E 43rd St,41.816847,-87.613294
Public Rack - New England Ave & Irving Park Rd,41.7985042,-87.7985042
LaSalle St & Washington St Corral N,41.88288,-87.63251
Public Rack - Avenue J & 112th St,41.691844,-87.534181
Public Rack - Central & Prescott,41.992794,-87.765586
Public Rack - Stony Island Ave & 86th St,41.738473,-87.585851
Public Rack - McVicker & 52nd,41.797981,-87.773241
Public Rack - Park Manor Elementary School,41.766863,-87.611467
Public Rack - Western Ave & 116th St,41.6824,-87.681048
Public Rack - 83rd Pl & Kedzie Ave S,41.741382,-87.702345
Public Rack - Kolin Ave & Archer Ave,41.800514,-87.731802
Public Rack - Northwest Hwy & Overhill Ave,42.0114922,-87.8126378
Public Rack - Linder & Elston,41.983559,-87.76577
Dearborn St & Adams St Corral,41.87939,-87.62988
Public Rack - Ozman & Talcott,41.993028,-87.821659
Public Rack - Calumet Ave & Garfield Blvd,41.794886,-87.617415
Public Rack - Wentworth Park,41.78878,-87.77964
SCOOTERS CLASSIC - 2132 W Hubbard ST,41.88996749470834,-87.6801560819149
Public Rack - Karlov Ave & 26th St,41.844287,-87.727078
Public Rack - 63rd & Western Ave N,41.779334,-87.683768
Public Rack - Linder Ave & 51st St,41.799463,-87.759848
Public Rack - The Montessori School of Englewood,41.76766,-87.66781
Pulaski Rd & 75th St,41.75725,-87.72247
Public Rack - Kedzie Ave & 61st Pl W,41.78201,-87.7034
Public Rack - Fullerton Ave & Lavergne Ave,41.92398,-87.75195
Public Rack - Kedzie Ave & 54th Pl,41.794639,-87.703767
LaSalle St & Washington St Corral S,41.88267,-87.63249
Public Rack - Strohacker Park,41.79482,-87.732112
Public Rack - Winchester Ave & 87th St,41.735989,-87.672181
Public Rack - Mason Ave & Roosevelt Rd,41.865608,-87.772389
Public Rack - Christiana & Lincoln,41.99346,-87.712734
Public Rack - Menard Ave & Leland Ave,41.965413,-87.772424
Public Rack - Christiana Ave & Archer Ave,41.81175,-87.707577
Public Rack - Imlay & Milwaukee,41.998983,-87.78956
Eggleston Ave & 111th St,41.69254,-87.63374
Public Rack - Newcastle & Archer,41.792309,-87.792879
Public Rack - Waller Ave & Chicago Ave,41.894681,-87.768156
Public Rack - Baltimore Ave & 134th St,41.651419,-87.547321
Public Rack - Ewing Ave & 96th St N,41.7215552,-87.5356904
Public Rack - Ashland Ave & 76th St,41.75596,-87.66391
Public Rack - California Ave & Pershing Rd,41.822632,-87.695024
Public Rack - Chopin Park,41.942675,-87.761899
Public Rack - Neenah & Archer,41.792142,-87.785406
Public Rack - Avers Ave & Archer Ave,41.804487,-87.719584
Public Rack - Forest Glen & Peterson,41.98986,-87.742921
Public Rack - Harlem and W. 59th,41.78495,-87.8011
Public Rack - St Louis & Lincoln,41.995652,-87.716328
Public Rack - Halsted St & 95th St - SW,41.720964,-87.643447
Public Rack - Keeler Ave & 55th St,41.79304,-87.728214
Public Rack - 53rd St & Indiana Ave,41.798015,-87.620745
Public Rack - Lemont Ave & Keating Ave,41.9912674,-87.7469243
Public Rack - Saginaw Ave & 93rd St,41.726199,-87.559252
Public Rack - California Ave & Touhy Ave - NW,42.012177,-87.699865
Public Rack - Elston Ave & Kenneth Ave,41.9676176,-87.7395673
Public Rack - Ashland Ave & 45th St  S,41.811421752,-87.664994955
Public Rack - W. Talcott & N. Oriole,41.990637,-87.816938
Public Rack - Sayre Ave & 59th St,41.7846778,-87.7958126
Public Rack - Central Ave & Corcoran Pl,41.887342,-87.765041
Public Rack - Milwaukee Ave & Lawrence Ave,41.9673857,-87.7601699
Public Rack - King Dr & 71st St,41.765862,-87.614787
Public Rack - California Ave & Ogden Ave,41.8608706,-87.695681
Public Rack - Central Park Ave & Fulton Blvd,41.8861512,-87.7155114
Public Rack - Kostner & Bryn Mawr,41.982741,-87.737548
Public Rack - Damen & 81st,41.746488,-87.673132
Public Rack - California & 71st,41.764618,-87.693452
Public Rack - Wolcott Ave & 56th St,41.791198,-87.671949
Public Rack - Hiawatha Park,41.944068,-87.827302
Public Rack - Neenah & Dakin,41.951708,-87.790746
Public Rack - Prairie Ave & Garfield Blvd S,41.794319272,-87.618976831
Public Rack - Cottage Grove & 84th St,41.741957,-87.604839
Public Rack - Ewing Ave & 95th St,41.722376,-87.5358299
Public Rack - Clyde Ave & 87th St,41.73715,-87.57319
Public Rack - William Rainey Harper High School,41.775267,-87.669156
Public Rack - 10557 S Western Ave,41.701719,-87.68128
Public Rack - Canfield & Victoria,41.985067,-87.823171
Public Rack - Forrestville Ave & 47th St,41.809319,-87.612921
Public Rack - Lawndale & 63rd St,41.777732,-87.713878
Public Rack - Stony Island & 95th St,41.72228,-87.584943
Public Rack - Homan & 77th,41.753451,-87.707037
Public Rack - Mason Ave & Milwaukee Ave,41.985683,-87.777065
Kildare & Cermak,41.851414,-87.73215
Public Rack - State St & 47th st,41.809085,-87.627384
Public Rack - Austin Ave & Archer Ave,41.794209,-87.7716154
Public Rack - Leoti Ave & Central Ave (south),41.998324,-87.763384
Public Rack - Lamon Ave & Archer Ave,41.79823,-87.744952
Public Rack - Harding Ave & 47th St,41.807749,-87.722579
Public Rack - Ewing Ave & 101st St,41.7117328,-87.5350591
Public Rack - Devon Ave & Central Ave,41.997463,-87.764063
Public Rack - Drexel Ave & 87th St,41.736783,-87.602241
Public Rack - Buffalo Ave & 89th St,41.73341,-87.54454
Public Rack - Harper Ave & 63rd St,41.780728,-87.587566
Public Rack - Houston Ave & 131st St,41.656961,-87.548521
Public Rack - Mulligan Ave & 56th St,41.790399,-87.780044
Public Rack - Rutherford & 53rd,41.795118,-87.790519
Public Rack - Normandy Ave & Raven St,41.993871,-87.792536
Public Rack - Overhill Ave & Touhy Ave,42.0114627,-87.81900973
Public Rack - Kedzie Ave & 64th St - SW,41.777031,-87.703223
Public Rack - Ashland Ave & 71st St,41.76577,-87.66433
Clark/Newport,41.9449,-87.6546
Waveland/Racine,41.949051023,-87.659004807
Wabansia & Milwaukee,41.913865685,-87.682698846
Public Rack - Artesian & 71st,41.764748,-87.684669
Clark/Racine,41.9505,-87.6593
Grace/Sheffield,41.9512,-87.6546
Major Taylor Trail & 111th St,41.69211,-87.6489
Public Rack - Western Ave & 111th St - SE,41.691665,-87.681022
Public Rack - Homan Ave & 111th St,41.691578,-87.705842
Clark/Eddy,41.9466,-87.6561
Public Rack - Bell Ave & 95th St,41.721188,-87.678786
Public Rack - Emerald Ave & 45th St,41.812381,-87.644633
Addison/Racine,41.9473,-87.6592
Daley Center Plaza Corral,41.8841951,-87.629701
Public Rack - Sawyer Ave & Bryn Mawr Ave - SW,41.982879,-87.710534
Public Rack - Lowe Park,41.799605,-87.641464
Addison Red Line,41.9472,-87.654
Public Rack - Maplewood Ave & 63rd St,41.779343,-87.686763
Public Rack - Longwood Dr & 111th St,41.69163,-87.671782
Public Rack - Kedvale Ave & Avondale Ave,41.952874,-87.731229
Public Rack - South Shore Dr & 71st St,41.766206,-87.562789
Public Rack - Ashland Ave & 46th St,41.810537,-87.665404
Public Rack - Morgan St & 95th St,41.721215,-87.647435
Public Rack - Troy & 71st,41.76433,-87.70193
Le Mai Ave & Devon Ave,41.99722,-87.75687
Public Rack - Cicero Ave & Wrightwood Ave,41.927944,-87.7466394
Public Rack - Laflin St & 79th St,41.750326,-87.66168
Public Rack - Hamilton Ave & 95th St,41.720832,-87.676382
Public Rack - Newcastle Ave & Belmont Ave,41.938022,-87.7961
Public Rack - Central Ave & George St,41.9326579,-87.7662058
Public Rack - Sacramento Blvd & Washington Blvd,41.882994,-87.700036
Public Rack - King Dr & Oakwood Blvd,41.822827,-87.616486
Public Rack - Hoyne Ave & 110th Pl,41.692458,-87.674035
Public Rack - Fairfield Ave & 63rd St,41.77926,-87.692703
Public Rack - Halsted St & 76th St,41.756003,-87.64409
Avers Ave & Foster Ave,41.97541,-87.72452
Public Rack - Sawyer Ave & 111th St,41.691411,-87.70229
Public Rack - Menard Ave & Grand Ave,41.9197904,-87.7709818
Public Rack - Ada St & 79th St,41.750522,-87.657252
Public Rack - Bishop St & 81st St,41.745827,-87.659849
Public Rack - Albany Ave & 63rd St,41.778906,-87.70084
Public Rack - Michigan Ave & 119th St,41.677934,-87.620754
Public Rack - Houston Ave & 91st St,41.729964,-87.549645
Public Rack - Sacramento Ave & Greenleaf Ave,42.009458,-87.704666
Public Rack - Marquette Ave & 83rd St,41.74476,-87.558624
Public Rack - California Ave & Touhy Ave - SW,42.011867,-87.700407
Public Rack - Homewood Ave & Monterey Ave,41.691691,-87.670161
Public Rack - Laramie Ave & Fullerton Ave,41.923938274,-87.75679493
Public Rack - Torrence Ave & 103rd St,41.70843,-87.56026
Public Rack - Ashland Ave & 74th St,41.759735,-87.663736
Public Rack - Kedzie Ave & 63rd St,41.778865,-87.703029
Public Rack - Pulaski Rd & Lexington St,41.8715832,-87.7252086
Public Rack - Kedzie & 73rd,41.760696,-87.70238
Public Rack - Montrose Ave & Lavergne Ave,41.960607,-87.7516346
Public Rack - Halsted St & 64th St,41.777436,-87.644535
Public Rack - King Dr & 83rd St,41.743616,-87.61457
Public Rack - Avers Ave & Ogden Ave,41.852642,-87.72103
Public Rack - Michigan Ave & 96th St,41.718957,-87.62067
Public Rack - 56th St & Mulligan Ave,41.7905068,-87.7799326
Public Rack - Keeler Ave & Madison St S,41.880176663,-87.731048107
Public Rack - Wood St & 103rd St,41.706498,-87.667091
Public Rack - Vincennes Ave & 77th St,41.75702837,-87.56497151
Public Rack - Green St & 103rd St,41.70665,-87.643422
Public Rack - Independence Blvd & Roosevelt,41.8662123,-87.7184969
Public Rack - California Ave & Touhy Ave - midblock,42.012207,-87.700474
Public Rack - Colfax Ave & 83rd St,41.744818,-87.561055
Public Rack - Halsted St & 41st St,41.820147,-87.64568
Public Rack - Cicero Ave & Altgeld St,41.925734,-87.746414
Public Rack - Brainerd Park,41.726942,-87.654896
Public Rack - Kildare Ave & Washignton Blvd,41.881838,-87.733661
Public Rack - Legler Regional Library,41.879312,-87.725428
Wilton Ave & Addison St,41.947459,-87.653216
Milwaukee Ave & The 606,41.913754,-87.6826658
Damen Ave & Wicker Park Ave,41.9088152,-87.6771937
Aberdeen St & Carroll Ave,41.888215184,-87.65463984
Sheffield Ave & Addison St ,41.947017,-87.654418
Public Rack - Newland Ave & Diversey Ave,41.930926919,-87.799260855
Public Rack - Hamlin Ave & Madison St,41.880833,-87.720797
Public Rack - Western Ave & 96th St,41.718621,-87.681516
Rainbow Beach,41.75787096522547,-87.54917675279042
Public Rack - Yates Ave & 100th St,41.713437,-87.564405
Public Rack - Austin Ave & Wellington Ave,41.9352453,-87.776052
Public Rack - Harvey Ave & North Ave,41.909264,-87.782265
Hastings LWS,41.8635164,-87.6797485
Public Rack - Nagle Ave & Belmont Ave,41.938201,-87.787415
Public Rack - Homan Ave & Lake St,41.88474,-87.711357
Public Rack - Stony Is Ave & 73rd St,41.762265,-87.585469
Public Rack - Bensley Ave & 103rd St,41.7084,-87.56319
Public Rack - William J Onahan Public School,41.993771,-87.7925631
Public Rack - Bishop St & 46th St,41.80994,-87.661522
Public Rack - Torrence Ave & 98th St,41.717059,-87.559986
Public Rack - Avenue J & 106th St,41.70261,-87.533531
Public Rack - Pulaski Rd & Grenshaw St,41.8670279,-87.7254644
Public Rack - Austin & Higgins,41.973152,-87.77791
Public Rack - Pulaski Rd & 5th Ave,41.8730082,-87.7252516
Public Rack - Irving Park Rd & Menard Ave,41.9532339,-87.7721894
Public Rack - Wentworth Ave & 103rd St,41.707257,-87.627826
Public Rack - Central Ave & North Ave,41.909414,-87.765817
Public Rack - Bradley Park,41.718353,-87.564459
Public Rack - Chase Ave & Touhy Ave - NE,42.014539,-87.6901359
Public Rack - 2302 S Pulaski Rd,41.849437,-87.724879
Public Rack - Princeton Ave & 43rd St,41.815883,-87.633718
Public Rack - St Louis Ave & Flournoy St,41.8727811,-87.7131562
Public Rack - Hoyne Ave & 51st St,41.801001,-87.676773
Public Rack - Ozark Ave & Addison St,41.945075,-87.820037
Public Rack - Irving Park Rd & Parkside Ave,41.9530544,-87.688832
Public Rack - Central Ave & Congress Pkwy,41.87369,-87.764746
Public Rack - Western Blvd & 53rd St,41.796775,-87.683362
Public Rack - Wilbur Wright College North,41.959265947,-87.789493203
Public Rack - Neva & Foster,41.974849,-87.806023
Public Rack - Devon Ave & Kinzua Ave,41.997459,-87.764556
Public Rack - Lake Park Ave & 44th St,41.814593792,-87.597613096
Public Rack - Lowe Ave & 94th St,41.724234,-87.639453
Public Rack - Orville T Bright School,41.700168,-87.562148
Public Rack - Narragansett Ave & Fullerton Ave,41.92378,-87.7843998
Addison/Wilton Corral,41.9473827,-87.6531716
Addison/Racine Corral,41.947131276,-87.659355521
Public Rack - Avers & Granville,41.993947,-87.725095
Addison Red Line Corral,41.947210431,-87.653813958
LaSalle St & Washington St Corral,41.88288,-87.63251
Broadway & Oakdale Ave,41.9355863,-87.6440474
Archer Ave & Wentworth Ave,41.8546868,-87.6308531
Eddy/Seminary Corral,41.9461279,-87.6566721
Milwaukee & Fullerton,41.92469,-87.7006
Public Rack - Avenue O & 118th St,41.681136,-87.54029
Franklin St & Washington St,41.88318,-87.63511
Public Rack - Kedzie Ave & 61st Pl E,41.782281,-87.703047
Wells St & Washington St,41.883,-87.63396
Addison/Sheffield SW Corral,41.9469539,-87.6544123
Public Rack - Pulaski Rd & Roosevelt Rd,41.866103,-87.724463
Waveland/Racine Corral,41.948845267,-87.659273028
Clark/Newport Corral,41.9449411,-87.654611
Clark/Racine Corral,41.950436,-87.6593212
Public Rack - East End Ave & 87th St,41.737054,-87.583998
Green St & Lake St ,41.88558,-87.64841
Public Rack - Kedzie Ave & 62nd Pl,41.780148,-87.703338
Public Rack - Pulaski Rd & 15th St,41.8603966,-87.7250977
Public Rack - Brighton Park Branch Chicago Library,41.815242,-87.702651
Public Rack - Ave N & 106th St,41.702616,-87.538744
Public Rack - McVicker Ave & Grand Ave,41.921251,-87.776662
Navy Pier,41.892278,-87.612043
Addison/Sheffield SE Corral,41.9470281,-87.654252
Racine/Eddy Corral,41.9463404,-87.6591024
Public Rack - Mackinaw Ave & 106th St,41.702557,-87.542728
Public Rack - N Sayre Ave & W Belden Ave,41.921425,-87.800825
Public Rack - Washtenaw Ave & 63rd St,41.779280901,-87.691431284
Public Rack - Nordica Ave & Addison St,41.945428,-87.803458
Public Rack - Pulaski Rd & Polk St,41.8703637,-87.7252556
Waveland/Wilton Corral,41.9489031,-87.653141
Public Rack - Mackinaw Ave & 108th St,41.699008,-87.542833
Sheffield/Newport Corral,41.944794178,-87.654228687
NAVY PIER,41.892278,-87.612043
Sheffield/Cornelia Corral,41.9452875,-87.6542225
Grace/Sheffield Corral,41.9511586,-87.6546115
Public Rack - Ave L & 105th St,41.703542,-87.536634
Public Rack - Neva Ave & Grand Ave,41.923604,-87.804659
Public Rack - Ewing Ave & 112th St,41.691979,-87.534912
Public Rack - Western Ave & 111th St - NW,41.69197,-87.681659
Public Rack - Western Ave & 111th St - SW,41.69161,-87.681523
Public Rack - Cottage Grove Ave & 98th St,41.716172,-87.60435
Public Rack - Ashland Ave & 83rd St,41.742715,-87.663551
Public Rack - Hale Ave & 111th St,41.691801,-87.671351
Public Rack - Western Ave & 110th St,41.69442,-87.681547
Peoria St & Kinzie St,41.88896,-87.64973
LaSalle St & Calhoun Pl ,41.882664,-87.63253
LaSalle St & Calhoun Pl Corral,41.88288,-87.63251
The Salt Shed,41.90689,-87.65978
Noble St & Ohio St,41.89242,-87.66206
Burling St & Armitage Ave,41.91808,-87.64728
Morgan St & Hubbard St,41.89012,-87.65251
Broadway & Sunnyside Ave,41.963419,-87.656069
Wells St & Madison St,41.88199,-87.63418
Hudson Ave & Armitage Ave,41.91818,-87.64
Larrabee St & Clybourn Ave,41.9066,-87.64322
Leavitt St & Hirsch St,41.907053232,-87.682284474
Lock St & 31st St,41.837962,-87.659049
Wood St & Walnut St,41.87862,-87.66913
Wallace St & 28th St,41.843511,-87.6419
Public Rack - Vincennes Ave & 95th Pl,41.720562,-87.650971
Public Rack - Central & Berteau,41.95689,-87.767329
Public Rack - 4810 Keeler Ave,41.968344688,-87.732963562
Public Rack - East End Ave & 75th St,41.75893,-87.582861
Lincoln Ave & Dickens Ave,41.92012,-87.6416
Madison St & Wells St,41.88199,-87.63418
Green St & Chicago Ave,41.89621,-87.64902
Seminary Ave & Belden Ave,41.92339,-87.65599
Public Rack - Lavergne & Lawrence,41.967912,-87.752496
Public Rack - Rhodes Ave & 79th St,41.751058,-87.611439
Public Rack - Kostner Ave & 16th St,41.8588018,-87.7343019
Public Rack - Jeffery Blvd & 81st St,41.74927751,-87.57585394
Clark St & Arlington Pl,41.92694,-87.64148
Halsted St & Belden St,41.92365,-87.64894
Hampden Ct & Diversey Pkwy,41.93247,-87.64242
Public Rack - Ashland Ave & 45th St,41.811958,-87.664862
Lasalle St & Washington St,41.8832351,-87.6321117
Franciso Ave & Bloomingdale Ave,41.91396,-87.6994
Parnell Ave & 31st St,41.837911,-87.640279
Rockwell/Irving Park Hub,41.954212,-87.69317
Public Rack - Pulaski Rd & Lake St,41.885662436,-87.725974798
Public Rack - Hiawatha Ave & Minnehaha Ave,41.9995224,-87.7604899
Public Rack - Pulaski Rd & Stevens Ave,41.9910862,-87.729231
Public Rack - Halsted St & 102nd St,41.70794,-87.643177
Public Rack - Western Ave & 79th St,41.750057,-87.682777
Public Rack - Calumet Ave & 71st St,41.765537,-87.617305
Public Rack - Kildare Ave & 63rd St,41.778442,-87.73047
Public Rack - Western Ave & 106th St - West,41.701379,-87.681826
Public Rack - Elizabeth St & 115th St,41.684942,-87.65266
Mango Ave & Grand Ave,41.9196511,-87.7694171
Public Rack - Western Ave & 105th St,41.702609,-87.681492
Sheffield Ave & Fletcher St,41.93901,-87.65321
Cottage Grove Ave & 49th St,41.806273,-87.606643
Dearborn St & Division St,41.9043,-87.62991
Halsted St & Lake St,41.88576,-87.64711
Clark St & Eddy St ,41.94628,-87.65627
Racine Ave & Broadway,41.968235,-87.6596548
Lincoln Ave & Montana St,41.92657,-87.6506
Paulina St & Adams St,41.87862,-87.66913
Public Rack - Western Ave & 106th St - East,41.700576,-87.681294
Public Rack - Newcastle Ave & Belden Ave,41.921017,-87.797388
Public Rack - Homan Ave & 26th St,41.84456,-87.710058
Public Rack - Mt Greenwood Library N,41.693027,-87.701054
Public Rack - Rockwell & 111th St,41.691359,-87.68572
Sacramento Ave & Lyndale St,41.92235,-87.70241
Wood St & Beach Ave,41.907655,-87.672552
Western Ave & Wabansia Ave,41.91208,-87.68752
Wabash Ave & Washington St,41.8832,-87.62662
Broadway & Cuyler Ave,41.955417,-87.6515
Kedzie Ave & Armitage Ave,41.91759,-87.70685
Wood St & Cortland St,41.91589,-87.67281
Dearborn St & Maple St,41.90192,-87.63026
Leavitt St & Augusta Blvd,41.89962,-87.68194
Sangamon St & Adams St,41.87909,-87.65128
Fulton Market,41.886871,-87.648089
Rockwell Ave & Logan Blvd,41.92811,-87.69268
Wacker Dr & Randolph St,41.88454,-87.63732
Paulina St & Cortland St,41.91626,-87.67019
Milwaukee Ave & Armitage Ave,41.91771,-87.68864
Western Ave & Lyndale St,41.9226,-87.68772
Damen Ave & St Paul Ave,41.913092494,-87.677796483
Public Rack - Halsted St & 113th St,41.68851,-87.642512
Clark St & Fletcher St,41.93894,-87.65031
Carpenter St & Fulton St,41.88668,-87.65315
Public Rack - Lawndale Ave & Roosevelt,41.866225,-87.717918
Public Rack - Lake Shore Dr & Hayes Dr,41.780581,-87.574562
Public Rack - Western Ave & 107th Pl,41.698022,-87.681175
Rush St & Illinois St,41.89087,-87.62584
Public Rack - Ashland Ave & 91st St,41.728271,-87.662673
Public Rack - Western Ave & 98th St,41.71525,-87.681698
Public Rack - Homan Ave & Roosevelt,41.866377473,-87.710945964
Public Rack - Albany Ave & 103rd St,41.706747,-87.700047
Public Rack - Christiana Ave & 111th St,41.69137,-87.704809
Public Rack - Stony Island & 87th St,41.7367,-87.585815
Public Rack - Morgan St & 87th St,41.73577,-87.648133
Public Rack - Keeler Ave & 26th St,41.84412837,-87.729861736
Public Rack - Pulaski Rd & 41st,41.81791,-87.72413
Public Rack - Central Park Ave & 16th St,41.858938,-87.7157269
Public Rack - Kedzie & 103rd St - East,41.705444,-87.701232
Public Rack - Stewart Ave & 123rd St,41.670563,-87.632188
Southport Ave & Grace St,41.95155,-87.66404
Racine Ave & Webster Ave,41.9216,-87.65859
Halsted St & Armitage Ave,41.91823,-87.64879
Malden St & Wilson Ave,41.96526,-87.66275
Pine Grove Ave & Wellington Ave,41.93651,-87.64119
Franklin St & Madison St,41.88139,-87.63542
Damen Ave & Evergreen Ave,41.90605,-87.67758
Paulina St & Division St,41.9035529,-87.6704292
Marshfield Ave & Diversey Pkwy,41.93204,-87.6697
Larrabee St & Chicago Ave,41.89677,-87.6386
St Clair St & Ohio St,41.892412186,-87.622831941
Marshfield Ave & Wabansia Ave,41.91218,-87.66888
Sedgwick St & Chicago Ave,41.89677,-87.6386
Public Rack - Oketo Ave & Belmont Ave,41.938117,-87.811862
Broadway & Roscoe Ave,41.9436,-87.64532
Sheridan Rd & Berwyn Ave,41.97828,-87.65529
Public Rack - Parnell Ave & 98th St,41.715983,-87.637067
Halsted St & Melrose St,41.94112,-87.64907
Hastings St Depot LWS,41.8635164,-87.6797485
Public Rack - Harriet E Sayre Public School,41.913547,-87.79876
Public Rack - Lawndale Ave & 63rd St,41.7787155,-87.7140552
Kenmore Ave & School St,41.94166,-87.6556
Public Rack - Mason & Archer,41.79456,-87.77092
Granville Ave & Clark St,41.9944,-87.66983
Public Rack - Newcastle Ave & Wellington Ave,41.934997,-87.795777
Public Rack - Western & 79th,41.750806,-87.682722
Hubbard St Depot,41.8897772,-87.680351
Public Rack - Halsted St & 94th St,41.723442,-87.643612
MTV Hubbard St,41.8897772,-87.680351
Public Rack - Kedvale Ave & Addison St,41.947174,-87.730837
Public Rack - Kedzie Ave & Arthington St,41.8700949,-87.7062429
Public Rack - Cicero Ave & Wellington Ave,41.935779,-87.746581
Public Rack - Lowe Ave & 98th St,41.715887,-87.639228
Public Rack - May St & 87th St,41.73556,-87.651701
Public Rack - Mt Greenwood Library - South,41.692883,-87.701048
Public Rack - Vincennes Ave & 91st St,41.728122,-87.648524
Public Rack - Crandon Ave & 80th St,41.749519,-87.568831
Public Rack - Western Ave & 107th St,41.698728,-87.681558
Oakley Ave & Lyndale St,41.92261,-87.68513
Dearborn St & Madison St,41.88206,-87.62964
Public Rack - S Kostner Ave & W 18th Pl,41.8551905,-87.7345547
Kenwood Ave & 57th St,41.79154,-87.59295
Public Rack - Hamlin Ave & Grand Ave,41.903738,-87.720287
Damen Ave & Ohio St,41.89239445296271,-87.67688512802124
Shore Dr & 53rd St,41.79945,-87.58237
Michigan Ave & 11th St,41.86959,-87.623961
Larrabee St & Kingsbury St 1,41.897764,-87.642884
Public Rack - Kedvale Ave & 26th St,41.844265,-87.728103
Public Rack - Ewing Ave & 106th St,41.7024928,-87.5351313
Halsted St & Court Pl,41.8837,-87.64722
May St & Hubbard St,41.890011907,-87.65589118
Noble St & Potomac Ave,41.905549765,-87.662795067
Public Rack - Racine Ave & 83rd St,41.743367,-87.653661
Dorchester Ave & 53rd St,41.79943,-87.59227
Harper Ave & 55th St,41.7953,-87.58833
Larrabee St & Kingsbury St 2,41.89758,-87.6429
Clark St & Washington St,41.88301,-87.631
Wabash Ave & Jackson Blvd,41.87801,-87.62599
Dearborn St & Washington St,41.88299,-87.6293
Sacramento Ave & Linden Pl,41.92575,-87.70258
Public Rack - Piotrowski Park,41.836682,-87.73083
Public Rack - Laporte Ave & Armitage Ave,41.917047,-87.750008
Public Rack - Pulaski Rd & 51st Rd,41.800111,-87.723537
Public Rack - Oglesby Ave & 105th St,41.704672,-87.565519
Public Rack - Northwest Hwy & Raven St,41.9927877,-87.799284
Public Rack - Harvard Ave & 119th St,41.678227,-87.630775
Public Rack - Torrence Ave  & 106th St,41.702566,-87.559923
Public Rack - Zapata Academy,41.841655,-87.734366
